[
    {
        "Name": "Amazonia EO satellite on AWS",
        "Endpoint": "https://stac.amskepler.com/v100",
        "Description": "Amazonia 1 imagery (COG files)",
        "ARN": "arn:aws:s3:::amazonia-pds",
        "Region": "us-east-1",
        "Type": "S3 Bucket",
        "RequesterPays": false
    },
    {
        "Name": "Analysis Ready Sentinel-1 Backscatter Imagery",
        "Endpoint": "https://scottyhq.github.io/sentinel1-rtc-stac/#/",
        "Description": "Sentinel-1 RTC tiled data and metadata in a S3 bucket",
        "ARN": "arn:aws:s3:::sentinel-s1-rtc-indigo",
        "Region": "us-west-2",
        "Type": "S3 Bucket",
        "RequesterPays": null
    },
    {
        "Name": "ArcticDEM -  DEM Mosaics",
        "Endpoint": "https://polargeospatialcenter.github.io/stac-browser/#/external/pgc-opendata-dems.s3.us-west-2.amazonaws.com/arcticdem/mosaics.json",
        "Description": "ArcticDEM DEM Mosaics",
        "ARN": "arn:aws:s3:::pgc-opendata-dems/arcticdem/mosaics/",
        "Region": "us-west-2",
        "Type": "S3 Bucket",
        "RequesterPays": null
    },
    {
        "Name": "ArcticDEM -  DEM Strips",
        "Endpoint": "https://polargeospatialcenter.github.io/stac-browser/#/external/pgc-opendata-dems.s3.us-west-2.amazonaws.com/arcticdem/strips.json",
        "Description": "ArcticDEM DEM Strips",
        "ARN": "arn:aws:s3:::pgc-opendata-dems/arcticdem/strips/",
        "Region": "us-west-2",
        "Type": "S3 Bucket",
        "RequesterPays": null
    },
    {
        "Name": "CBERS on AWS",
        "Endpoint": "https://stac.amskepler.com/v100",
        "Description": "CBERS imagery (COG files, Requester Pays Bucket)",
        "ARN": "arn:aws:s3:::cbers-pds",
        "Region": "us-east-1",
        "Type": "S3 Bucket",
        "RequesterPays": true
    },
    {
        "Name": "Capella Space Synthetic Aperture Radar (SAR) Open Dataset",
        "Endpoint": "https://capella-open-data.s3.us-west-2.amazonaws.com/stac/catalog.json",
        "Description": "Capella Space Open Data in COG format",
        "ARN": "arn:aws:s3:::capella-open-data/data/",
        "Region": "us-west-2",
        "Type": "S3 Bucket",
        "RequesterPays": false
    },
    {
        "Name": "Digital Earth Africa ALOS PALSAR, ALOS-2 PALSAR-2 and JERS-1",
        "Endpoint": "https://explorer.digitalearth.africa/stac/collections/alos_palsar_mosaic",
        "Description": "ALOS PALSAR ALOS-2 PALSAR-2 data",
        "ARN": "arn:aws:s3:::deafrica-input-datasets/alos_palsar_mosaic",
        "Region": "af-south-1",
        "Type": "S3 Bucket",
        "RequesterPays": false
    },
    {
        "Name": "Digital Earth Africa CHIRPS Rainfall - CHIRPS daily rainfall",
        "Endpoint": "https://explorer.digitalearth.africa/stac/collections/rainfall_chirps_daily",
        "Description": "CHIRPS daily rainfall",
        "ARN": "arn:aws:s3:::deafrica-input-datasets/rainfall_chirps_daily",
        "Region": "af-south-1",
        "Type": "S3 Bucket",
        "RequesterPays": false
    },
    {
        "Name": "Digital Earth Africa CHIRPS Rainfall - CHIRPS monthly rainfall",
        "Endpoint": "https://explorer.digitalearth.africa/stac/collections/rainfall_chirps_monthly",
        "Description": "CHIRPS monthly rainfall",
        "ARN": "arn:aws:s3:::deafrica-input-datasets/rainfall_chirps_monthly",
        "Region": "af-south-1",
        "Type": "S3 Bucket",
        "RequesterPays": false
    },
    {
        "Name": "Digital Earth Africa Cropland Extent Map (2019)",
        "Endpoint": "https://explorer.digitalearth.africa/stac/collections/crop_mask",
        "Description": "Cropland extent map 2019",
        "ARN": "arn:aws:s3:::deafrica-services/crop_mask",
        "Region": "af-south-1",
        "Type": "S3 Bucket",
        "RequesterPays": false
    },
    {
        "Name": "Digital Earth Africa Fractional Cover - Fractional Cover Annual Summary data",
        "Endpoint": "https://explorer.digitalearth.africa/stac/collections/fc_ls_summary_annual",
        "Description": "Fractional Cover Annual Summary data",
        "ARN": "arn:aws:s3:::deafrica-services/fc_ls_summary_annual",
        "Region": "af-south-1",
        "Type": "S3 Bucket",
        "RequesterPays": false
    },
    {
        "Name": "Digital Earth Africa Fractional Cover - Fractional Cover data",
        "Endpoint": "https://explorer.digitalearth.africa/stac/collections/fc_ls",
        "Description": "Fractional Cover data",
        "ARN": "arn:aws:s3:::deafrica-services/fc_ls",
        "Region": "af-south-1",
        "Type": "S3 Bucket",
        "RequesterPays": false
    },
    {
        "Name": "Digital Earth Africa GeoMAD - Landsat 5 and 7 GeoMAD (Annual) data",
        "Endpoint": "https://explorer.digitalearth.africa/stac/collections/gm_ls5_ls7_annual",
        "Description": "Landsat 5 and 7 GeoMAD (Annual) data",
        "ARN": "arn:aws:s3:::deafrica-services/gm_ls5_ls7_annual",
        "Region": "af-south-1",
        "Type": "S3 Bucket",
        "RequesterPays": false
    },
    {
        "Name": "Digital Earth Africa GeoMAD - Landsat 8 GeoMAD (Annual) data",
        "Endpoint": "https://explorer.digitalearth.africa/stac/collections/gm_ls8_annual",
        "Description": "Landsat 8 GeoMAD (Annual) data",
        "ARN": "arn:aws:s3:::deafrica-services/gm_ls8_annual",
        "Region": "af-south-1",
        "Type": "S3 Bucket",
        "RequesterPays": false
    },
    {
        "Name": "Digital Earth Africa GeoMAD - Sentinel-2 GeoMAD (Annual) data",
        "Endpoint": "https://explorer.digitalearth.africa/stac/collections/gm_s2_annual",
        "Description": "Sentinel-2 GeoMAD (Annual) data",
        "ARN": "arn:aws:s3:::deafrica-services/gm_s2_annual",
        "Region": "af-south-1",
        "Type": "S3 Bucket",
        "RequesterPays": false
    },
    {
        "Name": "Digital Earth Africa GeoMAD - Sentinel-2 GeoMAD (Semi-Annual) data",
        "Endpoint": "https://explorer.digitalearth.africa/stac/collections/gm_s2_semiannual",
        "Description": "Sentinel-2 GeoMAD (Semi-Annual) data",
        "ARN": "arn:aws:s3:::deafrica-services/gm_s2_semiannual",
        "Region": "af-south-1",
        "Type": "S3 Bucket",
        "RequesterPays": false
    },
    {
        "Name": "Digital Earth Africa Global Mangrove Watch",
        "Endpoint": "https://explorer.digitalearth.africa/stac/collections/gmw",
        "Description": "Global Mangrove Watch",
        "ARN": "arn:aws:s3:::deafrica-input-datasets/gmw",
        "Region": "af-south-1",
        "Type": "S3 Bucket",
        "RequesterPays": false
    },
    {
        "Name": "Digital Earth Africa Landsat Collection 2 Level 2",
        "Endpoint": "https://explorer.digitalearth.africa/stac/",
        "Description": "Landsat scenes and metadata",
        "ARN": "arn:aws:s3:::deafrica-landsat",
        "Region": "af-south-1",
        "Type": "S3 Bucket",
        "RequesterPays": false
    },
    {
        "Name": "Digital Earth Africa Sentinel-1 Radiometrically Terrain Corrected",
        "Endpoint": "https://explorer.digitalearth.africa/stac/collections/s1_rtc",
        "Description": "Sentinel-1 tiles and metadata",
        "ARN": "arn:aws:s3:::deafrica-sentinel-1",
        "Region": "af-south-1",
        "Type": "S3 Bucket",
        "RequesterPays": false
    },
    {
        "Name": "Digital Earth Africa Sentinel-2 Level-2A",
        "Endpoint": "https://explorer.digitalearth.africa/stac/collections/s2_l2a",
        "Description": "Sentinel-2 scenes and metadata",
        "ARN": "arn:aws:s3:::deafrica-sentinel-2",
        "Region": "af-south-1",
        "Type": "S3 Bucket",
        "RequesterPays": false
    },
    {
        "Name": "Digital Earth Africa Water Observations from Space - All-Time Summary data",
        "Endpoint": "https://explorer.digitalearth.africa/stac/collections/wofs_ls_summary_alltime",
        "Description": "All-Time Summary data",
        "ARN": "arn:aws:s3:::deafrica-services/wofs_ls_summary_alltime",
        "Region": "af-south-1",
        "Type": "S3 Bucket",
        "RequesterPays": false
    },
    {
        "Name": "Digital Earth Africa Water Observations from Space - Annual Summary data",
        "Endpoint": "https://explorer.digitalearth.africa/stac/collections/wofs_ls_summary_annual",
        "Description": "Annual Summary data",
        "ARN": "arn:aws:s3:::deafrica-services/wofs_ls_summary_annual",
        "Region": "af-south-1",
        "Type": "S3 Bucket",
        "RequesterPays": false
    },
    {
        "Name": "Digital Earth Africa Water Observations from Space - data",
        "Endpoint": "https://explorer.digitalearth.africa/stac/collections/wofs_ls",
        "Description": "data",
        "ARN": "arn:aws:s3:::deafrica-services/wofs_ls",
        "Region": "af-south-1",
        "Type": "S3 Bucket",
        "RequesterPays": false
    },
    {
        "Name": "ESA WorldCover",
        "Endpoint": "https://services.terrascope.be/stac/",
        "Description": "ESA WorldCover in a S3 bucket",
        "ARN": "arn:aws:s3:::esa-worldcover",
        "Region": "eu-central-1",
        "Type": "S3 Bucket",
        "RequesterPays": false
    },
    {
        "Name": "Earth Observation Data Cubes for Brazil - CBERS 4",
        "Endpoint": "https://bdc-cbers.s3.us-west-2.amazonaws.com/catalog.json",
        "Description": "Earth Observation Data Cubes for Brazil - CBERS 4",
        "ARN": "arn:aws:s3:::bdc-cbers",
        "Region": "us-west-2",
        "Type": "S3 Bucket",
        "RequesterPays": false
    },
    {
        "Name": "Earth Observation Data Cubes for Brazil - Sentinel 2A-2B",
        "Endpoint": "https://bdc-sentinel-2.s3.us-west-2.amazonaws.com/catalog.json",
        "Description": "Earth Observation Data Cubes for Brazil - Sentinel 2A/2B",
        "ARN": "arn:aws:s3:::bdc-sentinel-2",
        "Region": "us-west-2",
        "Type": "S3 Bucket",
        "RequesterPays": false
    },
    {
        "Name": "Maxar Open Data Program",
        "Endpoint": "https://radiantearth.github.io/stac-browser/#/external/maxar-opendata.s3.amazonaws.com/events/catalog.json",
        "Description": "Imagery and metadata",
        "ARN": "arn:aws:s3:::maxar-opendata",
        "Region": "us-east-1",
        "Type": "S3 Bucket",
        "RequesterPays": null
    },
    {
        "Name": "NASA - USGS Europa Controlled Observation Mosaics",
        "Endpoint": "https://stac.astrogeology.usgs.gov/browser-dev/#/collections/galileo_usgs_photogrammetrically_controlled_mosaics",
        "Description": "Scenes and metadata",
        "ARN": "arn:aws:s3:::astrogeo-ard/jupiter/europa/galileo_voyager/usgs_controlled_mosaics/",
        "Region": "us-west-2",
        "Type": "S3 Bucket",
        "RequesterPays": null
    },
    {
        "Name": "NASA - USGS Europa Controlled Observations",
        "Endpoint": "https://stac.astrogeology.usgs.gov/browser-dev/#/collections/galileo_usgs_photogrammetrically_controlled_observations",
        "Description": "Scenes and metadata",
        "ARN": "arn:aws:s3:::astrogeo-ard/jupiter/europa/galileo_voyager/usgs_controlled_observations/",
        "Region": "us-west-2",
        "Type": "S3 Bucket",
        "RequesterPays": null
    },
    {
        "Name": "Reference Elevation Model of Antarctica (REMA) - REMA DEM Mosaics",
        "Endpoint": "https://polargeospatialcenter.github.io/stac-browser/#/external/pgc-opendata-dems.s3.us-west-2.amazonaws.com/rema/mosaics.json",
        "Description": "REMA DEM Mosaics",
        "ARN": "arn:aws:s3:::pgc-opendata-dems/rema/mosaics/",
        "Region": "us-west-2",
        "Type": "S3 Bucket",
        "RequesterPays": null
    },
    {
        "Name": "Reference Elevation Model of Antarctica (REMA) - REMA DEM Strips",
        "Endpoint": "https://polargeospatialcenter.github.io/stac-browser/#/external/pgc-opendata-dems.s3.us-west-2.amazonaws.com/rema/strips.json",
        "Description": "REMA DEM Strips",
        "ARN": "arn:aws:s3:::pgc-opendata-dems/rema/strips/",
        "Region": "us-west-2",
        "Type": "S3 Bucket",
        "RequesterPays": null
    },
    {
        "Name": "Sentinel-2",
        "Endpoint": "https://earth-search.aws.element84.com/v1/collections/sentinel-2-l1c",
        "Description": "Level 1C scenes and metadata, in [Requester Pays](https://docs.aws.amazon.com/AmazonS3/latest/dev/RequesterPaysBuckets.html) S3 bucket",
        "ARN": "arn:aws:s3:::sentinel-s2-l1c",
        "Region": "eu-central-1",
        "Type": "S3 Bucket",
        "RequesterPays": true
    },
    {
        "Name": "Sentinel-2 Cloud-Optimized GeoTIFFs",
        "Endpoint": "https://earth-search.aws.element84.com/v1/collections/sentinel-2-l2a",
        "Description": "Level 2A scenes and metadata",
        "ARN": "arn:aws:s3:::sentinel-cogs",
        "Region": "us-west-2",
        "Type": "S3 Bucket",
        "RequesterPays": false
    },
    {
        "Name": "Sentinel-3",
        "Endpoint": "https://meeo-s3.s3.amazonaws.com/",
        "Description": "Sentinel-3 Cloud Optimized GeoTIFF (COG) format",
        "ARN": "arn:aws:s3:::meeo-s3-cog/",
        "Region": "eu-central-1",
        "Type": "S3 Bucket",
        "RequesterPays": null
    },
    {
        "Name": "Sentinel-5P Level 2",
        "Endpoint": "https://meeo-s5p.s3.amazonaws.com/index.html?t=catalogs",
        "Description": "Sentinel-5p Cloud Opimised GeoTIFF (COGT). TIFF format.",
        "ARN": "arn:aws:s3:::meeo-s5p/COGT/",
        "Region": "eu-central-1",
        "Type": "S3 Bucket",
        "RequesterPays": null
    },
    {
        "Name": "USGS 3DEP LiDAR Point Clouds",
        "Endpoint": "https://usgs-lidar-stac.s3-us-west-2.amazonaws.com/ept/catalog.json",
        "Description": "Public access Entwine Point Tiles of most resources from the ``arn:aws:s3:::usgs-lidar`` bucket.",
        "ARN": "arn:aws:s3:::usgs-lidar-public",
        "Region": "us-west-2",
        "Type": "S3 Bucket",
        "RequesterPays": null
    },
    {
        "Name": "USGS Landsat",
        "Endpoint": "https://landsatlook.usgs.gov/stac-server/collections",
        "Description": "Scenes and metadata",
        "ARN": "arn:aws:s3:::usgs-landsat/collection02/",
        "Region": "us-west-2",
        "Type": "S3 Bucket",
        "RequesterPays": true
    },
    {
        "Name": "World Bank - Light Every Night",
        "Endpoint": "https://stacindex.org/catalogs/world-bank-light-every-night#/",
        "Description": "Light Every Night dataset of all VIIRS DNB and DMSP-OLS nighttime satellite data",
        "ARN": "arn:aws:s3:::globalnightlight",
        "Region": "us-east-1",
        "Type": "S3 Bucket",
        "RequesterPays": null
    }
]