[
    {
        "title": "10m Annual Land Use Land Cover (9-class)",
        "id": "io-lulc-9-class",
        "description": "Global land cover information with 9 classes for for 2017-2021 at 10m resolution",
        "bbox": "-180, -90, 180, 90",
        "start_date": "2017-01-01",
        "end_date": "2022-01-01",
        "group_id": "io-land-cover",
        "container": "io-lulc",
        "storage_account": "ai4edataeuwest",
        "keywords": "Global, Land Cover, Land Use, Sentinel",
        "providers": "Esri, Impact Observatory, Microsoft",
        "license": "CC-BY-4.0",
        "link": "https://planetarycomputer.microsoft.com/api/stac/v1/collections/io-lulc-9-class/items",
        "variables": "",
        "dimensions": "",
        "assets": "data"
    },
    {
        "title": "ALOS Forest/Non-Forest Annual Mosaic",
        "id": "alos-fnf-mosaic",
        "description": "Global 25m resolution map classifying \"forest\" and \"non-forest\" landcover.",
        "bbox": "-180.0, 85.0, 180.0, -56.0",
        "start_date": "2015-01-01",
        "end_date": "2020-12-31",
        "group_id": "",
        "container": "palsar",
        "storage_account": "https://pceo.blob.core.windows.net/",
        "keywords": "ALOS, JAXA, Forest, Land Cover, Global",
        "providers": "Japan Aerospace Exploration Agency, Development Seed, Microsoft Planetary Computer",
        "license": "proprietary",
        "link": "https://planetarycomputer.microsoft.com/api/stac/v1/collections/alos-fnf-mosaic/items",
        "variables": "",
        "dimensions": "",
        "assets": "C"
    },
    {
        "title": "ALOS PALSAR Annual Mosaic",
        "id": "alos-palsar-mosaic",
        "description": "Global 25m resolution SAR image mosaic.",
        "bbox": "-180.0, 85.0, 180.0, -56.0",
        "start_date": "2015-01-01",
        "end_date": "2021-12-31",
        "group_id": "",
        "container": "palsar",
        "storage_account": "https://pceo.blob.core.windows.net/",
        "keywords": "ALOS, JAXA, Remote Sensing, Global",
        "providers": "Japan Aerospace Exploration Agency, Development Seed, Microsoft Planetary Computer",
        "license": "proprietary",
        "link": "https://planetarycomputer.microsoft.com/api/stac/v1/collections/alos-palsar-mosaic/items",
        "variables": "",
        "dimensions": "",
        "assets": "HH, HV, VH, VV, date, mask, linci, metadata"
    },
    {
        "title": "ALOS World 3D-30m",
        "id": "alos-dem",
        "description": "ALOS World 3D is a global digital surface model (DSM) with a horizontal resolution of approximately 30 meters, constructed from the Panchromatic Remote-sensing Instrument for Stereo Mapping (PRISM) on board Advanced Land Observing Satellite (ALOS).",
        "bbox": "-180, -90, 180, 90",
        "start_date": "2016-12-07",
        "end_date": "2016-12-07",
        "group_id": "",
        "container": "alos-dem",
        "storage_account": "ai4edataeuwest",
        "keywords": "ALOS, PRISM, JAXA, DEM, DSM, Elevation",
        "providers": "Japan Aerospace Exploration Agency, OpenTopography, Microsoft",
        "license": "proprietary",
        "link": "https://planetarycomputer.microsoft.com/api/stac/v1/collections/alos-dem/items",
        "variables": "",
        "dimensions": "",
        "assets": "data"
    },
    {
        "title": "ASTER L1T",
        "id": "aster-l1t",
        "description": "The ASTER instrument, launched on-board NASA's Terra satellite in 1999, provides multispectral images of the Earth at 15m-90m resolution.  This dataset contains ASTER data from 2000-2006.",
        "bbox": "-180, -90, 180, 90",
        "start_date": "2000-03-04",
        "end_date": "2006-12-31",
        "group_id": "",
        "container": "aster",
        "storage_account": "astersa",
        "keywords": "ASTER, USGS, NASA, Satellite, Global",
        "providers": "NASA, USGS, Microsoft",
        "license": "proprietary",
        "link": "https://planetarycomputer.microsoft.com/api/stac/v1/collections/aster-l1t/items",
        "variables": "",
        "dimensions": "",
        "assets": "TIR, xml, SWIR, VNIR, qa-txt, qa-browse, tir-browse, vnir-browse"
    },
    {
        "title": "C-CAP Regional Land Cover and Change",
        "id": "noaa-c-cap",
        "description": "Periodic coastal landcover classifications back to 1975",
        "bbox": "-160.315986, 17.892786, -64.966857, 49.471148",
        "start_date": "1975-01-01",
        "end_date": "2016-12-31",
        "group_id": "",
        "container": "noaa-c-cap",
        "storage_account": "ai4edataeuwest",
        "keywords": "Land Cover, Land Use, NOAA, Coastal",
        "providers": "National Oceanic and Atmospheric Administration, Office for Coastal Management, Microsoft",
        "license": "proprietary",
        "link": "https://planetarycomputer.microsoft.com/api/stac/v1/collections/noaa-c-cap/items",
        "variables": "",
        "dimensions": "",
        "assets": "data, metadata"
    },
    {
        "title": "CIL Global Downscaled Projections for Climate Impacts Research (CC-BY-4.0)",
        "id": "cil-gdpcir-cc-by",
        "description": "Climate Impact Lab Global Downscaled Projections for Climate Impacts Research (CC-BY-4.0)",
        "bbox": "-180, -90, 180, 90",
        "start_date": "1950-01-01",
        "end_date": "2100-12-31",
        "group_id": "cil-gdpcir",
        "container": "cil-gdpcir",
        "storage_account": "rhgeuwest",
        "keywords": "CMIP6, Climate Impact Lab, Rhodium Group, Precipitation, Temperature",
        "providers": "Climate Impact Lab, Microsoft",
        "license": "CC-BY-4.0",
        "link": "https://planetarycomputer.microsoft.com/api/stac/v1/collections/cil-gdpcir-cc-by/items",
        "variables": "pr, tasmax, tasmin",
        "dimensions": "lat, lon, time",
        "assets": "pr, tasmax, tasmin"
    },
    {
        "title": "CIL Global Downscaled Projections for Climate Impacts Research (CC-BY-SA-4.0)",
        "id": "cil-gdpcir-cc-by-sa",
        "description": "Climate Impact Lab Global Downscaled Projections for Climate Impacts Research (CC-BY-SA-4.0)",
        "bbox": "-180, -90, 180, 90",
        "start_date": "1950-01-01",
        "end_date": "2100-12-31",
        "group_id": "cil-gdpcir",
        "container": "cil-gdpcir",
        "storage_account": "rhgeuwest",
        "keywords": "CMIP6, Climate Impact Lab, Rhodium Group, Precipitation, Temperature",
        "providers": "Climate Impact Lab, Microsoft",
        "license": "CC-BY-SA-4.0",
        "link": "https://planetarycomputer.microsoft.com/api/stac/v1/collections/cil-gdpcir-cc-by-sa/items",
        "variables": "pr, tasmax, tasmin",
        "dimensions": "lat, lon, time",
        "assets": "pr, tasmax, tasmin"
    },
    {
        "title": "CIL Global Downscaled Projections for Climate Impacts Research (CC0-1.0)",
        "id": "cil-gdpcir-cc0",
        "description": "Climate Impact Lab Global Downscaled Projections for Climate Impacts Research (CC0-1.0)",
        "bbox": "-180, -90, 180, 90",
        "start_date": "1950-01-01",
        "end_date": "2100-12-31",
        "group_id": "cil-gdpcir",
        "container": "cil-gdpcir",
        "storage_account": "rhgeuwest",
        "keywords": "CMIP6, Climate Impact Lab, Rhodium Group, Precipitation, Temperature",
        "providers": "Climate Impact Lab, Microsoft",
        "license": "CC0-1.0",
        "link": "https://planetarycomputer.microsoft.com/api/stac/v1/collections/cil-gdpcir-cc0/items",
        "variables": "pr, tasmax, tasmin",
        "dimensions": "lat, lon, time",
        "assets": "pr, tasmax, tasmin"
    },
    {
        "title": "Chesapeake Land Cover (13-class)",
        "id": "chesapeake-lc-13",
        "description": "Chesapeake Bay Watershed land cover product with 13 classes at 1m resolution.",
        "bbox": "-81.14658496196135, 36.21291717905733, -73.27357561029186, 44.77821441524524",
        "start_date": "2013-01-01",
        "end_date": "2014-12-31",
        "group_id": "chesapeake-lulc",
        "container": "chesapeake",
        "storage_account": "landcoverdata",
        "keywords": "Land Cover, Chesapeake Bay Watershed, Chesapeake Conservancy",
        "providers": "Chesapeake Conservancy Conservation Innovation Center, Microsoft",
        "license": "proprietary",
        "link": "https://planetarycomputer.microsoft.com/api/stac/v1/collections/chesapeake-lc-13/items",
        "variables": "",
        "dimensions": "",
        "assets": "data"
    },
    {
        "title": "Chesapeake Land Cover (7-class)",
        "id": "chesapeake-lc-7",
        "description": "Chesapeake Bay Watershed land cover product with 7 classes at 1m resolution.",
        "bbox": "-81.14658496196135, 36.21291717905733, -73.27357561029186, 44.77821441524524",
        "start_date": "2013-01-01",
        "end_date": "2014-12-31",
        "group_id": "chesapeake-lulc",
        "container": "chesapeake",
        "storage_account": "landcoverdata",
        "keywords": "Land Cover, Chesapeake Bay Watershed, Chesapeake Conservancy",
        "providers": "Chesapeake Conservancy Conservation Innovation Center, Microsoft",
        "license": "proprietary",
        "link": "https://planetarycomputer.microsoft.com/api/stac/v1/collections/chesapeake-lc-7/items",
        "variables": "",
        "dimensions": "",
        "assets": "data"
    },
    {
        "title": "Chesapeake Land Use",
        "id": "chesapeake-lu",
        "description": "Chesapeake Bay Watershed land use product with 17 classes at 1m resolution.",
        "bbox": "-81.14648244566828, 36.18730972451623, -73.11082086653798, 44.7781991560751",
        "start_date": "2013-01-01",
        "end_date": "2014-12-31",
        "group_id": "chesapeake-lulc",
        "container": "chesapeake",
        "storage_account": "landcoverdata",
        "keywords": "Land Use, Chesapeake Bay Watershed, Chesapeake Conservancy",
        "providers": "Chesapeake Conservancy Conservation Innovation Center, Microsoft",
        "license": "proprietary",
        "link": "https://planetarycomputer.microsoft.com/api/stac/v1/collections/chesapeake-lu/items",
        "variables": "",
        "dimensions": "",
        "assets": "data"
    },
    {
        "title": "Chloris Biomass",
        "id": "chloris-biomass",
        "description": "The Chloris Global Biomass 2003 - 2019 dataset provides estimates of stock and change in aboveground biomass for Earth's terrestrial woody vegetation ecosystems during the period 2003 - 2019, at annual time steps. The global dataset has a circa 4.6 km spatial resolution.",
        "bbox": "-179.95, -60, 179.95, 90",
        "start_date": "2003-07-31",
        "end_date": "2019-07-31",
        "group_id": "",
        "container": "chloris-biomass",
        "storage_account": "ai4edataeuwest",
        "keywords": "Chloris, Biomass, MODIS, Carbon",
        "providers": "Chloris, Microsoft",
        "license": "CC-BY-NC-SA-4.0",
        "link": "https://planetarycomputer.microsoft.com/api/stac/v1/collections/chloris-biomass/items",
        "variables": "",
        "dimensions": "",
        "assets": "biomass, biomass_wm, biomass_change, biomass_change_wm"
    },
    {
        "title": "Copernicus DEM GLO-30",
        "id": "cop-dem-glo-30",
        "description": "Copernicus DEM 30 is a near-global digital surface model (DSM) with a horizontal resolution of approximately 30 meters, derived from radar satellite data acquired during the TanDEM-X mission.",
        "bbox": "-180, -90, 180, 90",
        "start_date": "2021-04-22",
        "end_date": "2021-04-22",
        "group_id": "copernicus-dem",
        "container": "copernicus-dem-stac",
        "storage_account": "elevationeuwest",
        "keywords": "Copernicus, DEM, DSM, Elevation",
        "providers": "European Space Agency, Sinergise, OpenTopography, Microsoft",
        "license": "proprietary",
        "link": "https://planetarycomputer.microsoft.com/api/stac/v1/collections/cop-dem-glo-30/items",
        "variables": "",
        "dimensions": "",
        "assets": "data"
    },
    {
        "title": "Copernicus DEM GLO-90",
        "id": "cop-dem-glo-90",
        "description": "Copernicus DEM 90 is a near-global digital surface model (DSM) with a horizontal resolution of approximately 90 meters, derived from radar satellite data acquired during the TanDEM-X mission.",
        "bbox": "-180, -90, 180, 90",
        "start_date": "2021-04-22",
        "end_date": "2021-04-22",
        "group_id": "copernicus-dem",
        "container": "copernicus-dem-stac",
        "storage_account": "elevationeuwest",
        "keywords": "Copernicus, DEM, Elevation",
        "providers": "European Space Agency, Sinergise, OpenTopography, Microsoft",
        "license": "proprietary",
        "link": "https://planetarycomputer.microsoft.com/api/stac/v1/collections/cop-dem-glo-90/items",
        "variables": "",
        "dimensions": "",
        "assets": "data"
    },
    {
        "title": "Daymet Annual Hawaii",
        "id": "daymet-annual-hi",
        "description": "Annual climate summaries on a 1-km grid for Hawaii",
        "bbox": "-160.3056, 17.9539, -154.772, 23.5186",
        "start_date": "1980-07-01",
        "end_date": "2020-07-01",
        "group_id": "daymet",
        "container": "daymet-zarr",
        "storage_account": "daymeteuwest",
        "keywords": "Daymet, Hawaii, Temperature, Precipitation, Vapor Pressure, Climate",
        "providers": "Microsoft, ORNL DAAC",
        "license": "proprietary",
        "link": "https://planetarycomputer.microsoft.com/api/stac/v1/collections/daymet-annual-hi/items",
        "variables": "vp, lat, lon, swe, prcp, tmax, tmin, time_bnds, lambert_conformal_conic",
        "dimensions": "x, y, nv, time",
        "assets": ""
    },
    {
        "title": "Daymet Annual North America",
        "id": "daymet-annual-na",
        "description": "Annual climate summaries on a 1-km grid for North America",
        "bbox": "-178.1333, 14.0749, -53.0567, 82.9143",
        "start_date": "1980-07-01",
        "end_date": "2020-07-01",
        "group_id": "daymet",
        "container": "daymet-zarr",
        "storage_account": "daymeteuwest",
        "keywords": "Daymet, North America, Temperature, Precipitation, Vapor Pressure, Climate",
        "providers": "Microsoft, ORNL DAAC",
        "license": "proprietary",
        "link": "https://planetarycomputer.microsoft.com/api/stac/v1/collections/daymet-annual-na/items",
        "variables": "vp, lat, lon, swe, prcp, tmax, tmin, time_bnds, lambert_conformal_conic",
        "dimensions": "x, y, nv, time",
        "assets": ""
    },
    {
        "title": "Daymet Annual Puerto Rico",
        "id": "daymet-annual-pr",
        "description": "Annual climate summaries on a 1-km grid for Puerto Rico",
        "bbox": "-67.9927, 16.8444, -64.1196, 19.9382",
        "start_date": "1980-07-01",
        "end_date": "2020-07-01",
        "group_id": "daymet",
        "container": "daymet-zarr",
        "storage_account": "daymeteuwest",
        "keywords": "Daymet, Puerto Rico, Temperature, Precipitation, Vapor Pressure, Climate",
        "providers": "Microsoft, ORNL DAAC",
        "license": "proprietary",
        "link": "https://planetarycomputer.microsoft.com/api/stac/v1/collections/daymet-annual-pr/items",
        "variables": "vp, lat, lon, swe, prcp, tmax, tmin, time_bnds, lambert_conformal_conic",
        "dimensions": "x, y, nv, time",
        "assets": ""
    },
    {
        "title": "Daymet Daily Hawaii",
        "id": "daymet-daily-hi",
        "description": "Daily surface weather data on a 1-km grid for Hawaii",
        "bbox": "-160.3056, 17.9539, -154.772, 23.5186",
        "start_date": "1980-01-01",
        "end_date": "2020-12-30",
        "group_id": "daymet",
        "container": "daymet-zarr",
        "storage_account": "daymeteuwest",
        "keywords": "Daymet, Hawaii, Temperature, Precipitation, Vapor Pressure, Weather",
        "providers": "Microsoft, ORNL DAAC",
        "license": "proprietary",
        "link": "https://planetarycomputer.microsoft.com/api/stac/v1/collections/daymet-daily-hi/items",
        "variables": "vp, lat, lon, swe, dayl, prcp, srad, tmax, tmin, yearday, time_bnds, lambert_conformal_conic",
        "dimensions": "x, y, nv, time",
        "assets": ""
    },
    {
        "title": "Daymet Daily North America",
        "id": "daymet-daily-na",
        "description": "Daily surface weather data on a 1-km grid for North America",
        "bbox": "-178.1333, 14.0749, -53.0567, 82.9143",
        "start_date": "1980-01-01",
        "end_date": "2020-12-30",
        "group_id": "daymet",
        "container": "daymet-zarr",
        "storage_account": "daymeteuwest",
        "keywords": "Daymet, North America, Temperature, Precipitation, Vapor Pressure, Weather",
        "providers": "Microsoft, ORNL DAAC",
        "license": "proprietary",
        "link": "https://planetarycomputer.microsoft.com/api/stac/v1/collections/daymet-daily-na/items",
        "variables": "vp, lat, lon, swe, dayl, prcp, srad, tmax, tmin, yearday, time_bnds, lambert_conformal_conic",
        "dimensions": "x, y, nv, time",
        "assets": ""
    },
    {
        "title": "Daymet Daily Puerto Rico",
        "id": "daymet-daily-pr",
        "description": "Daily surface weather data on a 1-km grid for Puerto Rico",
        "bbox": "-67.9927, 16.8444, -64.1196, 19.9382",
        "start_date": "1980-01-01",
        "end_date": "2020-12-30",
        "group_id": "daymet",
        "container": "daymet-zarr",
        "storage_account": "daymeteuwest",
        "keywords": "Daymet, Puerto Rico, Temperature, Precipitation, Vapor Pressure, Weather",
        "providers": "Microsoft, ORNL DAAC",
        "license": "proprietary",
        "link": "https://planetarycomputer.microsoft.com/api/stac/v1/collections/daymet-daily-pr/items",
        "variables": "vp, lat, lon, swe, dayl, prcp, srad, tmax, tmin, yearday, time_bnds, lambert_conformal_conic",
        "dimensions": "x, y, nv, time",
        "assets": ""
    },
    {
        "title": "Daymet Monthly Hawaii",
        "id": "daymet-monthly-hi",
        "description": "Monthly climate summaries on a 1-km grid for Hawaii",
        "bbox": "-160.3056, 17.9539, -154.772, 23.5186",
        "start_date": "1980-01-16",
        "end_date": "2020-12-16",
        "group_id": "daymet",
        "container": "daymet-zarr",
        "storage_account": "daymeteuwest",
        "keywords": "Daymet, Hawaii, Temperature, Precipitation, Vapor Pressure, Climate",
        "providers": "Microsoft, ORNL DAAC",
        "license": "proprietary",
        "link": "https://planetarycomputer.microsoft.com/api/stac/v1/collections/daymet-monthly-hi/items",
        "variables": "vp, lat, lon, swe, prcp, tmax, tmin, time_bnds, lambert_conformal_conic",
        "dimensions": "x, y, nv, time",
        "assets": ""
    },
    {
        "title": "Daymet Monthly North America",
        "id": "daymet-monthly-na",
        "description": "Monthly climate summaries on a 1-km grid for North America",
        "bbox": "-178.1333, 14.0749, -53.0567, 82.9143",
        "start_date": "1980-01-16",
        "end_date": "2020-12-16",
        "group_id": "daymet",
        "container": "daymet-zarr",
        "storage_account": "daymeteuwest",
        "keywords": "Daymet, North America, Temperature, Precipitation, Vapor Pressure, Climate",
        "providers": "Microsoft, ORNL DAAC",
        "license": "proprietary",
        "link": "https://planetarycomputer.microsoft.com/api/stac/v1/collections/daymet-monthly-na/items",
        "variables": "vp, lat, lon, swe, prcp, tmax, tmin, time_bnds, lambert_conformal_conic",
        "dimensions": "x, y, nv, time",
        "assets": ""
    },
    {
        "title": "Daymet Monthly Puerto Rico",
        "id": "daymet-monthly-pr",
        "description": "Monthly climate summaries on a 1-km grid for Puerto Rico",
        "bbox": "-67.9927, 16.8444, -64.1196, 19.9382",
        "start_date": "1980-01-16",
        "end_date": "2020-12-16",
        "group_id": "daymet",
        "container": "daymet-zarr",
        "storage_account": "daymeteuwest",
        "keywords": "Daymet, Puerto Rico, Temperature, Precipitation, Vapor Pressure, Climate",
        "providers": "Microsoft, ORNL DAAC",
        "license": "proprietary",
        "link": "https://planetarycomputer.microsoft.com/api/stac/v1/collections/daymet-monthly-pr/items",
        "variables": "vp, lat, lon, swe, prcp, tmax, tmin, time_bnds, lambert_conformal_conic",
        "dimensions": "x, y, nv, time",
        "assets": ""
    },
    {
        "title": "Deltares Global Flood Maps",
        "id": "deltares-floods",
        "description": "Global estimates of coastal inundation under various sea level rise conditions and return periods.",
        "bbox": "-180.0, 90.0, 180.0, -90.0",
        "start_date": "2018-01-01",
        "end_date": "2018-12-31",
        "group_id": "",
        "container": "floods",
        "storage_account": "deltaresfloodssa",
        "keywords": "Deltares, Flood, Sea level rise, Water, Global",
        "providers": "Deltares, Microsoft",
        "license": "CDLA-Permissive-1.0",
        "link": "https://planetarycomputer.microsoft.com/api/stac/v1/collections/deltares-floods/items",
        "variables": "inun, projection",
        "dimensions": "lat, lon, time",
        "assets": "data, index"
    },
    {
        "title": "Deltares Global Water Availability",
        "id": "deltares-water-availability",
        "description": "Historical daily reservoir variations.",
        "bbox": "-180.0, 90.0, 180.0, -90.0",
        "start_date": "1970-01-01",
        "end_date": "2020-12-31",
        "group_id": "",
        "container": "reservoirs",
        "storage_account": "deltaresreservoirssa",
        "keywords": "Deltares, Water availability, Reservoir, Water, Precipitation",
        "providers": "Deltares, Microsoft",
        "license": "CDLA-Permissive-1.0",
        "link": "https://planetarycomputer.microsoft.com/api/stac/v1/collections/deltares-water-availability/items",
        "variables": "P, ETa, PET, Melt, Snow, Temp, P_res, S_res, Ea_res, Qin_res, FracFull, Qout_res, latitude, longitude",
        "dimensions": "time, GrandID, ksathorfrac",
        "assets": "data, index"
    },
    {
        "title": "Denver Regional Council of Governments Land Use Land Cover",
        "id": "drcog-lulc",
        "description": "2018 and 2020 Land Use/Land Cover classification of the Denver, Colorado region.",
        "bbox": "-105.93962510864995, 39.10438697007073, -103.66801443832743, 40.320593119647256",
        "start_date": "2018-01-01",
        "end_date": "2020-12-31",
        "group_id": "",
        "container": "drcog-lulc",
        "storage_account": "landcoverdata",
        "keywords": "Land Cover, Land Use, NAIP, USDA",
        "providers": "Denver Regional Council of Governments, Microsoft",
        "license": "proprietary",
        "link": "https://planetarycomputer.microsoft.com/api/stac/v1/collections/drcog-lulc/items",
        "variables": "",
        "dimensions": "",
        "assets": "data"
    },
    {
        "title": "ECMWF Open Data (real-time)",
        "id": "ecmwf-forecast",
        "description": "ECMWF Open Data (Real Time) forecasts",
        "bbox": "-180.0, 90.0, 180.0, -90.0",
        "start_date": "",
        "end_date": "",
        "group_id": "",
        "container": "ecmwf",
        "storage_account": "ai4edatauewest",
        "keywords": "ECMWF, forecast, weather",
        "providers": "ECMWF",
        "license": "CC-BY-4.0",
        "link": "https://planetarycomputer.microsoft.com/api/stac/v1/collections/ecmwf-forecast/items",
        "variables": "",
        "dimensions": "",
        "assets": "data, index"
    },
    {
        "title": "ERA5 - PDS",
        "id": "era5-pds",
        "description": "A comprehensive reanalysis, which assimilates as many observations as possible in the upper air and near surface.",
        "bbox": "-180, -90, 180, 90",
        "start_date": "1979-01-01",
        "end_date": "",
        "group_id": "",
        "container": "era5",
        "storage_account": "cpdataeuwest",
        "keywords": "ERA5, ECMWF, Precipitation, Temperature, Reanalysis, Weather",
        "providers": "ECMWF, Planet OS, Microsoft",
        "license": "proprietary",
        "link": "https://planetarycomputer.microsoft.com/api/stac/v1/collections/era5-pds/items",
        "variables": "time1_bounds, surface_air_pressure, sea_surface_temperature, eastward_wind_at_10_metres, air_temperature_at_2_metres, eastward_wind_at_100_metres, northward_wind_at_10_metres, northward_wind_at_100_metres, air_pressure_at_mean_sea_level, dew_point_temperature_at_2_metres, precipitation_amount_1hour_Accumulation, air_temperature_at_2_metres_1hour_Maximum, air_temperature_at_2_metres_1hour_Minimum, integral_wrt_time_of_surface_direct_downwelling_shortwave_flux_in_air_1hour_Accumulation",
        "dimensions": "lat, lon, time",
        "assets": "surface_air_pressure, sea_surface_temperature, eastward_wind_at_10_metres, air_temperature_at_2_metres, eastward_wind_at_100_metres, northward_wind_at_10_metres, northward_wind_at_100_metres, air_pressure_at_mean_sea_level, dew_point_temperature_at_2_metres, precipitation_amount_1hour_Accumulation, air_temperature_at_2_metres_1hour_Maximum, air_temperature_at_2_metres_1hour_Minimum, integral_wrt_time_of_surface_direct_downwelling_shortwave_flux_in_air_1hour_Accumulation"
    },
    {
        "title": "ESA WorldCover 2020",
        "id": "esa-worldcover",
        "description": "Global land cover product at 10 meter resolution for 2020 based on Sentinel-1 and Sentinel-2 data",
        "bbox": "-180.0, -60.0, 180.0, 82.75",
        "start_date": "2020-01-01",
        "end_date": "2020-12-31",
        "group_id": "",
        "container": "esa-worldcover",
        "storage_account": "ai4edataeuwest",
        "keywords": "Global, Land Cover, Sentinel, ESA",
        "providers": "ESA, ESA WorldCover Consortium, Microsoft",
        "license": "CC-BY-4.0",
        "link": "https://planetarycomputer.microsoft.com/api/stac/v1/collections/esa-worldcover/items",
        "variables": "",
        "dimensions": "",
        "assets": "map"
    },
    {
        "title": "Earth Exchange Global Daily Downscaled Projections (NEX-GDDP-CMIP6)",
        "id": "nasa-nex-gddp-cmip6",
        "description": [
            "Global downscaled climate scenarios derived from the General Circulation Model conducted under CMIP6."
        ],
        "bbox": "-180, -90, 180, 90",
        "start_date": "1950-01-01",
        "end_date": "2100-12-31",
        "group_id": "",
        "container": "nex-gddp-cmip6",
        "storage_account": "nasagddp",
        "keywords": "CMIP6, NASA, Climate, Humidity, Precipitation, Temperature",
        "providers": "NASA NEX, Microsoft",
        "license": "proprietary",
        "link": "https://planetarycomputer.microsoft.com/api/stac/v1/collections/nasa-nex-gddp-cmip6/items",
        "variables": "pr, tas, hurs, huss, rlds, rsds, tasmax, tasmin, sfcWind",
        "dimensions": "lat, lon, time",
        "assets": "pr, tas, hurs, huss, rlds, rsds, tasmax, tasmin, sfcWind"
    },
    {
        "title": "Esri 10-Meter Land Cover (10-class)",
        "id": "io-lulc",
        "description": "Global land cover information for 2020 at 10m resolution",
        "bbox": "-180, -90, 180, 90",
        "start_date": "2017-01-01",
        "end_date": "2021-01-01",
        "group_id": "io-land-cover",
        "container": "io-lulc",
        "storage_account": "ai4edataeuwest",
        "keywords": "Global, Land Cover, Land Use, Sentinel",
        "providers": "Esri, Impact Observatory, Microsoft",
        "license": "CC-BY-4.0",
        "link": "https://planetarycomputer.microsoft.com/api/stac/v1/collections/io-lulc/items",
        "variables": "",
        "dimensions": "",
        "assets": "data"
    },
    {
        "title": "Forest Inventory and Analysis",
        "id": "fia",
        "description": "Status and trends on U.S. forest location, health, growth, mortality, and production, from the U.S. Forest Service's Forest Inventory and Analysis (FIA) program",
        "bbox": "138.06, 0.92, 163.05, 9.78",
        "start_date": "2020-06-01",
        "end_date": "",
        "group_id": "",
        "container": "cpdata",
        "storage_account": "cpdataeuwest",
        "keywords": "Forest, Species, Carbon, Biomass, USDA, Forest Service",
        "providers": "Forest Inventory & Analysis, CarbonPlan, Microsoft",
        "license": "CC0-1.0",
        "link": "https://planetarycomputer.microsoft.com/api/stac/v1/collections/fia/items",
        "variables": "",
        "dimensions": "",
        "assets": "data"
    },
    {
        "title": "GOES-R Cloud & Moisture Imagery",
        "id": "goes-cmi",
        "description": "High temporal cadence cloud and moisture imagery over the Western Hemisphere from the Advanced Baseline Imager (ABI) instrument.",
        "bbox": "-180.0, -81.33, 6.3, 81.33",
        "start_date": "2017-02-28",
        "end_date": "",
        "group_id": "goes",
        "container": "noaa-goes-cogs",
        "storage_account": "goeseuwest",
        "keywords": "GOES, NOAA, NASA, Satellite, Cloud, Moisture",
        "providers": "NASA, NOAA, Microsoft",
        "license": "proprietary",
        "link": "https://planetarycomputer.microsoft.com/api/stac/v1/collections/goes-cmi/items",
        "variables": "",
        "dimensions": "",
        "assets": "C01_1km, C01_2km, C02_2km, C03_1km, C03_2km, C04_2km, C05_1km, C05_2km, C06_2km, C07_2km, C08_2km, C09_2km, C10_2km, C11_2km, C12_2km, C13_2km, C14_2km, C15_2km, C16_2km, MCMIP-nc, C02_0.5km, C01_2km_wm, C02_2km_wm, C03_2km_wm, C01_DQF_1km, C01_DQF_2km, C02_DQF_2km, C03_DQF_1km, C03_DQF_2km, C04_DQF_2km, C05_DQF_1km, C05_DQF_2km, C06_DQF_2km, C07_DQF_2km, C08_DQF_2km, C09_DQF_2km, C10_DQF_2km, C11_DQF_2km, C12_DQF_2km, C13_DQF_2km, C14_DQF_2km, C15_DQF_2km, C16_DQF_2km, CMIP_C01-nc, CMIP_C02-nc, CMIP_C03-nc, CMIP_C04-nc, CMIP_C05-nc, CMIP_C06-nc, CMIP_C07-nc, CMIP_C08-nc, CMIP_C09-nc, CMIP_C10-nc, CMIP_C11-nc, CMIP_C12-nc, CMIP_C13-nc, CMIP_C14-nc, CMIP_C15-nc, CMIP_C16-nc, C02_DQF_0.5km"
    },
    {
        "title": "GOES-R Lightning Detection",
        "id": "goes-glm",
        "description": "Continuous lightning detection over the Western Hemisphere from the Geostationary Lightning Mapper (GLM) instrument.",
        "bbox": "-180.0, -66.56, -8.44, 66.56",
        "start_date": "2018-02-13",
        "end_date": "",
        "group_id": "goes",
        "container": "noaa-goes-geoparquet",
        "storage_account": "goeseuwest",
        "keywords": "GOES, NOAA, NASA, Satellite, Lightning, Weather",
        "providers": "NASA, NOAA, Microsoft",
        "license": "proprietary",
        "link": "https://planetarycomputer.microsoft.com/api/stac/v1/collections/goes-glm/items",
        "variables": "",
        "dimensions": "",
        "assets": "netcdf, geoparquet_events, geoparquet_groups, geoparquet_flashes"
    },
    {
        "title": "GPM IMERG",
        "id": "gpm-imerg-hhr",
        "description": "The Integrated Multi-satellitE Retrievals for GPM (IMERG) algorithm combines information from the GPM satellite constellation to estimate precipitation over the majority of the Earth's surface.",
        "bbox": "-180, -90, 180, 90",
        "start_date": "2000-06-01",
        "end_date": "2021-05-31",
        "group_id": "",
        "container": "imerg",
        "storage_account": "ai4edataeuwest",
        "keywords": "IMERG, GPM, Precipitation",
        "providers": "Development Seed, Microsoft, NASA",
        "license": "proprietary",
        "link": "https://planetarycomputer.microsoft.com/api/stac/v1/collections/gpm-imerg-hhr/items",
        "variables": "lat_bnds, lon_bnds, time_bnds, randomError, HQprecipSource, HQprecipitation, IRprecipitation, precipitationCal, HQobservationTime, precipitationUncal, IRkalmanFilterWeight, precipitationQualityIndex, probabilityLiquidPrecipitation",
        "dimensions": "lat, lon, time",
        "assets": ""
    },
    {
        "title": "Global Biodiversity Information Facility (GBIF)",
        "id": "gbif",
        "description": "Global biodiversity observation records, documenting over 1.6 billion species occurrences",
        "bbox": "-180, -90, 180, 90",
        "start_date": "2021-04-13",
        "end_date": "",
        "group_id": "",
        "container": "gbif",
        "storage_account": "ai4edataeuwest",
        "keywords": "GBIF, Biodiversity, Species",
        "providers": "Global Biodiversity Information Facility, Microsoft",
        "license": "proprietary",
        "link": "https://planetarycomputer.microsoft.com/api/stac/v1/collections/gbif/items",
        "variables": "",
        "dimensions": "",
        "assets": "data"
    },
    {
        "title": "Gnatsgo Soil Database - Rasters",
        "id": "gnatsgo-rasters",
        "description": "Raster data for the gridded National Soil Survey Geographic Database (gNATSGO), a USDA-NRCS Soil & Plant Science Division (SPSD) composite database that provides complete coverage of the best available soils information for all areas of the United States and Island Territories.",
        "bbox": "-170.8513, -14.3799, -169.4152, -14.1432",
        "start_date": "2020-07-01",
        "end_date": "2020-07-01",
        "group_id": "gnatsgo",
        "container": "gnatsgo-stac",
        "storage_account": "soils",
        "keywords": "Soils, NATSGO, SSURGO, STATSGO2, RSS, USDA, United States",
        "providers": "United States Department of Agriculture, Natural Resources Conservation Service, Microsoft",
        "license": "CC0-1.0",
        "link": "https://planetarycomputer.microsoft.com/api/stac/v1/collections/gnatsgo-rasters/items",
        "variables": "",
        "dimensions": "",
        "assets": "mukey, aws0_5, soc0_5, tk0_5a, tk0_5s, aws0_20, aws0_30, aws5_20, soc0_20, soc0_30, soc5_20, tk0_20a, tk0_20s, tk0_30a, tk0_30s, tk5_20a, tk5_20s, aws0_100, aws0_150, aws0_999, aws20_50, droughty, nccpi3sg, soc0_100, soc0_150, soc0_999, soc20_50, tk0_100a, tk0_100s, tk0_150a, tk0_150s, tk0_999a, tk0_999s, tk20_50a, tk20_50s, aws50_100, musumcpct, nccpi3all, nccpi3cot, nccpi3soy, pwsl1pomu, rootznaws, rootznemc, soc50_100, tk50_100a, tk50_100s, aws100_150, aws150_999, musumcpcta, musumcpcts, nccpi3corn, pctearthmc, soc100_150, soc150_999, tk100_150a, tk100_150s, tk150_999a, tk150_999s"
    },
    {
        "title": "Gnatsgo Soil Database - Tables",
        "id": "gnatsgo-tables",
        "description": "The gridded National Soil Survey Geographic Database (gNATSGO) is a USDA-NRCS Soil & Plant Science Division (SPSD) composite database that provides complete coverage of the best available soils information for all areas of the United States and Island Territories.",
        "bbox": "-170.8513, -14.3799, -169.4152, -14.1432",
        "start_date": "2020-07-01",
        "end_date": "2020-07-01",
        "group_id": "gnatsgo",
        "container": "gnatsgo-stac",
        "storage_account": "soils",
        "keywords": "Soils, NATSGO, SSURGO, STATSGO2, RSS, USDA, United States",
        "providers": "United States Department of Agriculture, Natural Resources Conservation Service, Microsoft",
        "license": "CC0-1.0",
        "link": "https://planetarycomputer.microsoft.com/api/stac/v1/collections/gnatsgo-tables/items",
        "variables": "",
        "dimensions": "",
        "assets": "data"
    },
    {
        "title": "Gridmet",
        "id": "gridmet",
        "description": "Daily high-spatial resolution surface meteorological data covering the contiguous United States from 1979 to the present",
        "bbox": "-124.76666663333334, 25.066666666666666, -67.05833330000002, 49.400000000000006",
        "start_date": "1979-01-01",
        "end_date": "2020-12-31",
        "group_id": "",
        "container": "gridmet",
        "storage_account": "ai4edataeuwest",
        "keywords": "gridMET, Water, Precipitation, Temperature, Vapor Pressure, Climate",
        "providers": "Development Seed, Microsoft, Climatology Lab, Abatzoglou, J.T.",
        "license": "CC0-1.0",
        "link": "https://planetarycomputer.microsoft.com/api/stac/v1/collections/gridmet/items",
        "variables": "wind_speed, air_temperature, burning_index_g, relative_humidity, specific_humidity, wind_from_direction, precipitation_amount, dead_fuel_moisture_100hr, dead_fuel_moisture_1000hr, mean_vapor_pressure_deficit, potential_evapotranspiration, surface_downwelling_shortwave_flux_in_air",
        "dimensions": "lat, lon, time",
        "assets": ""
    },
    {
        "title": "HGB: Harmonized Global Biomass for 2010",
        "id": "hgb",
        "description": "Global maps of aboveground and belowground biomass carbon density for the year 2010 at 300m resolution",
        "bbox": "-180.0, -61.002778, 180.0, 84.0",
        "start_date": "2010-12-31",
        "end_date": "2010-12-31",
        "group_id": "",
        "container": "cpdata",
        "storage_account": "cpdataeuwest",
        "keywords": "Biomass, Carbon, ORNL",
        "providers": "Oak Ridge National Laboratory Distributed Active Archive Center, CarbonPlan, Microsoft",
        "license": "proprietary",
        "link": "https://planetarycomputer.microsoft.com/api/stac/v1/collections/hgb/items",
        "variables": "",
        "dimensions": "",
        "assets": "aboveground, belowground, aboveground_uncertainty, belowground_uncertainty"
    },
    {
        "title": "HREA: High Resolution Electricity Access",
        "id": "hrea",
        "description": "Settlement-level measures of electricity access, reliability, and usage derived from VIIRS satellite imagery",
        "bbox": "-117.413972, -55.54235, -53.092722, 32.718434",
        "start_date": "2012-12-31",
        "end_date": "2019-12-31",
        "group_id": "",
        "container": "hrea",
        "storage_account": "hreadatasa",
        "keywords": "HREA, Electricity, VIIRS",
        "providers": "University of Michigan, Microsoft",
        "license": "CC-BY-4.0",
        "link": "https://planetarycomputer.microsoft.com/api/stac/v1/collections/hrea/items",
        "variables": "",
        "dimensions": "",
        "assets": "lightscore, light-composite, night-proportion, estimated-brightness"
    },
    {
        "title": "HydroForecast - Kwando & Upper Zambezi Rivers",
        "id": "kaza-hydroforecast",
        "description": "Seasonal river flow forecasts for the Kwando and Upper Zambezi rivers in the KAZA region of Africa, produced by Upstream Tech's HydroForecast model.",
        "bbox": "21.04494, -17.792517, 23.343421, -13.08062",
        "start_date": "2022-01-01",
        "end_date": "",
        "group_id": "",
        "container": "hydroforecast",
        "storage_account": "ai4edataeuwest",
        "keywords": "Water, HydroForecast, Streamflow, Hydrology, Upstream Tech",
        "providers": "Upstream Tech, Microsoft",
        "license": "CDLA-Sharing-1.0",
        "link": "https://planetarycomputer.microsoft.com/api/stac/v1/collections/kaza-hydroforecast/items",
        "variables": "",
        "dimensions": "",
        "assets": "data"
    },
    {
        "title": "JRC Global Surface Water",
        "id": "jrc-gsw",
        "description": "Global surface water distribution and dynamics from 1984 to 2020",
        "bbox": "-180.0, -56.0, 180.0, 78.0",
        "start_date": "1984-03-01",
        "end_date": "2020-12-31",
        "group_id": "",
        "container": "jrc-gsw",
        "storage_account": "ai4edataeuwest",
        "keywords": "Global, Water, Landsat",
        "providers": "European Commission Joint Research Centre, Google, Microsoft",
        "license": "proprietary",
        "link": "https://planetarycomputer.microsoft.com/api/stac/v1/collections/jrc-gsw/items",
        "variables": "",
        "dimensions": "",
        "assets": "change, extent, occurrence, recurrence, seasonality, transitions"
    },
    {
        "title": "Land Cover of Canada",
        "id": "nrcan-landcover",
        "description": "Collection of Land Cover products for Canada as produced by Natural Resources Canada using Landsat satellite imagery. This collection of cartographic products offers classified Land Cover of Canada at a 30 metre scale, updated on a 5 year basis.",
        "bbox": "-141.003, 41.6755, -52.6174, 83.1139",
        "start_date": "2015-01-01",
        "end_date": "2020-01-01",
        "group_id": "",
        "container": "landcover",
        "storage_account": "nrcanlandcovereuwest",
        "keywords": "Land Cover, Remote Sensing, Landsat, North America, Canada",
        "providers": "Natural Resources Canada | Ressources naturelles Canada, Sparkgeo, Microsoft",
        "license": "OGL-Canada-2.0",
        "link": "https://planetarycomputer.microsoft.com/api/stac/v1/collections/nrcan-landcover/items",
        "variables": "",
        "dimensions": "",
        "assets": "metadata, landcover"
    },
    {
        "title": "Landsat 8 Collection 2 Level-2",
        "id": "landsat-8-c2-l2",
        "description": "Landsat 8 has captured 30m-resolution imagery of the Earth since 2013.  This dataset contains global, atmospherically-corrected imagery from Landsat Collection 2.",
        "bbox": "-180, -90, 180, 90",
        "start_date": "2013-04-11",
        "end_date": "",
        "group_id": "landsat",
        "container": "landsat-c2",
        "storage_account": "landsateuwest",
        "keywords": "Landsat, USGS, NASA, Satellite, Global, Imagery, Reflectance",
        "providers": "NASA, USGS, Microsoft",
        "license": "proprietary",
        "link": "https://planetarycomputer.microsoft.com/api/stac/v1/collections/landsat-8-c2-l2/items",
        "variables": "",
        "dimensions": "",
        "assets": "ANG, SR_B1, SR_B2, SR_B3, SR_B4, SR_B5, SR_B6, SR_B7, ST_QA, ST_B10, MTL.txt, MTL.xml, ST_DRAD, ST_EMIS, ST_EMSD, ST_TRAD, ST_URAD, MTL.json, QA_PIXEL, ST_ATRAN, ST_CDIST, QA_RADSAT, thumbnail, SR_QA_AEROSOL, reduced_resolution_browse"
    },
    {
        "title": "Landsat Collection 2 Level-1",
        "id": "landsat-c2-l1",
        "description": "Landsat Collection 2 Level-1 data from the Multispectral Scanner System (MSS) onboard Landsat 1 through Landsat 5.",
        "bbox": "-180.0, -90.0, 180.0, 90.0",
        "start_date": "1972-07-25",
        "end_date": "2013-01-07",
        "group_id": "landsat",
        "container": "landsat-c2",
        "storage_account": "landsateuwest",
        "keywords": "Landsat, USGS, NASA, Satellite, Global, Imagery",
        "providers": "NASA, USGS, Microsoft",
        "license": "proprietary",
        "link": "https://planetarycomputer.microsoft.com/api/stac/v1/collections/landsat-c2-l1/items",
        "variables": "",
        "dimensions": "",
        "assets": "red, green, nir08, nir09, mtl.txt, mtl.xml, mtl.json, qa_pixel, qa_radsat"
    },
    {
        "title": "Landsat Collection 2 Level-2",
        "id": "landsat-c2-l2",
        "description": "Landsat Collection 2 Level-2 data from the Thematic Mapper (TM) onboard Landsat 4 and 5, the Enhanced Thematic Mapper Plus (ETM+) onboard Landsat 7, and the Operational Land Imager (OLI) and Thermal Infrared Sensor (TIRS) onboard Landsat 8 and 9.",
        "bbox": "-180.0, -90.0, 180.0, 90.0",
        "start_date": "1982-08-22",
        "end_date": "",
        "group_id": "landsat",
        "container": "landsat-c2",
        "storage_account": "landsateuwest",
        "keywords": "Landsat, USGS, NASA, Satellite, Global, Imagery, Reflectance, Temperature",
        "providers": "NASA, USGS, Microsoft",
        "license": "proprietary",
        "link": "https://planetarycomputer.microsoft.com/api/stac/v1/collections/landsat-c2-l2/items",
        "variables": "",
        "dimensions": "",
        "assets": "qa, ang, red, blue, drad, emis, emsd, lwir, trad, urad, atran, cdist, green, nir08, lwir11, swir16, swir22, coastal, mtl.txt, mtl.xml, cloud_qa, mtl.json, qa_pixel, qa_radsat, qa_aerosol, atmos_opacity"
    },
    {
        "title": "MODIS Burned Area Monthly",
        "id": "modis-64A1-061",
        "description": "MODIS Burned Area Monthly",
        "bbox": "-180, -90, 180, 90",
        "start_date": "2000-11-01",
        "end_date": "",
        "group_id": "modis",
        "container": "modis-061",
        "storage_account": "modiseuwest",
        "keywords": "NASA, MODIS, Satellite, Imagery, Global, Fire, MCD64A1",
        "providers": "NASA LP DAAC at the USGS EROS Center, Microsoft",
        "license": "proprietary",
        "link": "https://planetarycomputer.microsoft.com/api/stac/v1/collections/modis-64A1-061/items",
        "variables": "",
        "dimensions": "",
        "assets": "QA, hdf, Last_Day, metadata, Burn_Date, First_Day, Burn_Date_Uncertainty"
    },
    {
        "title": "MODIS Gross Primary Productivity 8-Day",
        "id": "modis-17A2H-061",
        "description": "MODIS Gross Primary Productivity 8-Day",
        "bbox": "-180, -90, 180, 90",
        "start_date": "2000-02-18",
        "end_date": "",
        "group_id": "modis",
        "container": "modis-061",
        "storage_account": "modiseuwest",
        "keywords": "NASA, MODIS, Satellite, Vegetation, Global, MOD17A2H, MYD17A2H",
        "providers": "NASA LP DAAC at the USGS EROS Center, Microsoft",
        "license": "proprietary",
        "link": "https://planetarycomputer.microsoft.com/api/stac/v1/collections/modis-17A2H-061/items",
        "variables": "",
        "dimensions": "",
        "assets": "hdf, Gpp_500m, metadata, PsnNet_500m, Psn_QC_500m"
    },
    {
        "title": "MODIS Gross Primary Productivity 8-Day Gap-Filled",
        "id": "modis-17A2HGF-061",
        "description": "MODIS Gross Primary Productivity 8-Day Gap-Filled",
        "bbox": "-180, -90, 180, 90",
        "start_date": "2000-02-18",
        "end_date": "",
        "group_id": "modis",
        "container": "modis-061",
        "storage_account": "modiseuwest",
        "keywords": "NASA, MODIS, Satellite, Vegetation, Global, MOD17A2HGF, MYD17A2HGF",
        "providers": "NASA LP DAAC at the USGS EROS Center, Microsoft",
        "license": "proprietary",
        "link": "https://planetarycomputer.microsoft.com/api/stac/v1/collections/modis-17A2HGF-061/items",
        "variables": "",
        "dimensions": "",
        "assets": "hdf, Gpp_500m, metadata, PsnNet_500m, Psn_QC_500m"
    },
    {
        "title": "MODIS Land Surface Temperature/3-Band Emissivity 8-Day",
        "id": "modis-21A2-061",
        "description": "MODIS Land Surface Temperature/3-Band Emissivity 8-Day",
        "bbox": "-180, -90, 180, 90",
        "start_date": "2000-02-16",
        "end_date": "",
        "group_id": "modis",
        "container": "modis-061",
        "storage_account": "modiseuwest",
        "keywords": "NASA, MODIS, Satellite, Global, Temperature, MOD21A2, MYD21A2",
        "providers": "NASA LP DAAC at the USGS EROS Center, Microsoft",
        "license": "proprietary",
        "link": "https://planetarycomputer.microsoft.com/api/stac/v1/collections/modis-21A2-061/items",
        "variables": "",
        "dimensions": "",
        "assets": "hdf, QC_Day, Emis_29, Emis_31, Emis_32, QC_Night, metadata, LST_Day_1KM, LST_Night_1KM, View_Time_Day, View_Angle_Day, View_Time_Night, View_Angle_Night"
    },
    {
        "title": "MODIS Land Surface Temperature/Emissivity 8-Day",
        "id": "modis-11A2-061",
        "description": "MODIS Land Surface Temperature/Emissivity 8-Day",
        "bbox": "-180, -90, 180, 90",
        "start_date": "2000-02-18",
        "end_date": "",
        "group_id": "modis",
        "container": "modis-061",
        "storage_account": "modiseuwest",
        "keywords": "NASA, MODIS, Satellite, Global, Temperature, MOD11A2, MYD11A2",
        "providers": "NASA LP DAAC at the USGS EROS Center, Microsoft",
        "license": "proprietary",
        "link": "https://planetarycomputer.microsoft.com/api/stac/v1/collections/modis-11A2-061/items",
        "variables": "",
        "dimensions": "",
        "assets": "hdf, QC_Day, Emis_31, Emis_32, QC_Night, metadata, LST_Day_1km, Day_view_angl, Day_view_time, LST_Night_1km, Clear_sky_days, Night_view_angl, Night_view_time, Clear_sky_nights"
    },
    {
        "title": "MODIS Land Surface Temperature/Emissivity Daily",
        "id": "modis-11A1-061",
        "description": "MODIS Land Surface Temperature/Emissivity Daily",
        "bbox": "-180, -90, 180, 90",
        "start_date": "2000-02-24",
        "end_date": "",
        "group_id": "modis",
        "container": "modis-061",
        "storage_account": "modiseuwest",
        "keywords": "NASA, MODIS, Satellite, Global, Temperature, MOD11A1, MYD11A1",
        "providers": "NASA LP DAAC at the USGS EROS Center, Microsoft",
        "license": "proprietary",
        "link": "https://planetarycomputer.microsoft.com/api/stac/v1/collections/modis-11A1-061/items",
        "variables": "",
        "dimensions": "",
        "assets": "hdf, QC_Day, Emis_31, Emis_32, QC_Night, metadata, LST_Day_1km, Clear_day_cov, Day_view_angl, Day_view_time, LST_Night_1km, Clear_night_cov, Night_view_angl, Night_view_time"
    },
    {
        "title": "MODIS Leaf Area Index/FPAR 4-Day",
        "id": "modis-15A3H-061",
        "description": "MODIS Leaf Area Index/FPAR 4-Day",
        "bbox": "-180, -90, 180, 90",
        "start_date": "2002-07-04",
        "end_date": "",
        "group_id": "modis",
        "container": "modis-061",
        "storage_account": "modiseuwest",
        "keywords": "NASA, MODIS, Satellite, Global, Vegetation, MCD15A3H",
        "providers": "NASA LP DAAC at the USGS EROS Center, Microsoft",
        "license": "proprietary",
        "link": "https://planetarycomputer.microsoft.com/api/stac/v1/collections/modis-15A3H-061/items",
        "variables": "",
        "dimensions": "",
        "assets": "hdf, Lai_500m, metadata, Fpar_500m, FparLai_QC, FparExtra_QC, LaiStdDev_500m, FparStdDev_500m"
    },
    {
        "title": "MODIS Leaf Area Index/FPAR 8-Day",
        "id": "modis-15A2H-061",
        "description": "MODIS Leaf Area Index/FPAR 8-Day",
        "bbox": "-180, -90, 180, 90",
        "start_date": "2002-07-04",
        "end_date": "",
        "group_id": "modis",
        "container": "modis-061",
        "storage_account": "modiseuwest",
        "keywords": "NASA, MODIS, Satellite, Global, Vegetation, MCD15A2H, MOD15A2H, MYD15A2H",
        "providers": "NASA LP DAAC at the USGS EROS Center, Microsoft",
        "license": "proprietary",
        "link": "https://planetarycomputer.microsoft.com/api/stac/v1/collections/modis-15A2H-061/items",
        "variables": "",
        "dimensions": "",
        "assets": "hdf, Lai_500m, metadata, Fpar_500m, FparLai_QC, FparExtra_QC, LaiStdDev_500m, FparStdDev_500m"
    },
    {
        "title": "MODIS Nadir BRDF-Adjusted Reflectance (NBAR) Daily",
        "id": "modis-43A4-061",
        "description": "MODIS Nadir BRDF-Adjusted Reflectance (NBAR) Daily",
        "bbox": "-180, -90, 180, 90",
        "start_date": "2000-02-16",
        "end_date": "",
        "group_id": "modis",
        "container": "modis-061",
        "storage_account": "modiseuwest",
        "keywords": "NASA, MODIS, Satellite, Imagery, Global, Reflectance, MCD43A4",
        "providers": "NASA LP DAAC at the USGS EROS Center, Microsoft",
        "license": "proprietary",
        "link": "https://planetarycomputer.microsoft.com/api/stac/v1/collections/modis-43A4-061/items",
        "variables": "",
        "dimensions": "",
        "assets": "hdf, metadata, Nadir_Reflectance_Band1, Nadir_Reflectance_Band2, Nadir_Reflectance_Band3, Nadir_Reflectance_Band4, Nadir_Reflectance_Band5, Nadir_Reflectance_Band6, Nadir_Reflectance_Band7, BRDF_Albedo_Band_Mandatory_Quality_Band1, BRDF_Albedo_Band_Mandatory_Quality_Band2, BRDF_Albedo_Band_Mandatory_Quality_Band3, BRDF_Albedo_Band_Mandatory_Quality_Band4, BRDF_Albedo_Band_Mandatory_Quality_Band5, BRDF_Albedo_Band_Mandatory_Quality_Band6, BRDF_Albedo_Band_Mandatory_Quality_Band7"
    },
    {
        "title": "MODIS Net Evapotranspiration Yearly Gap-Filled",
        "id": "modis-16A3GF-061",
        "description": "MODIS Net Evapotranspiration Yearly Gap-Filled",
        "bbox": "-180, -90, 180, 90",
        "start_date": "2001-01-01",
        "end_date": "",
        "group_id": "modis",
        "container": "modis-061",
        "storage_account": "modiseuwest",
        "keywords": "NASA, MODIS, Satellite, Global, Vegetation, MOD16A3GF, MYD16A3GF",
        "providers": "NASA LP DAAC at the USGS EROS Center, Microsoft",
        "license": "proprietary",
        "link": "https://planetarycomputer.microsoft.com/api/stac/v1/collections/modis-16A3GF-061/items",
        "variables": "",
        "dimensions": "",
        "assets": "hdf, ET_500m, LE_500m, PET_500m, PLE_500m, metadata, ET_QC_500m"
    },
    {
        "title": "MODIS Net Primary Production Yearly Gap-Filled",
        "id": "modis-17A3HGF-061",
        "description": "MODIS Net Primary Production Yearly Gap-Filled",
        "bbox": "-180, -90, 180, 90",
        "start_date": "2000-02-18",
        "end_date": "",
        "group_id": "modis",
        "container": "modis-061",
        "storage_account": "modiseuwest",
        "keywords": "NASA, MODIS, Satellite, Vegetation, Global, MOD17A3HGF, MYD17A3HGF",
        "providers": "NASA LP DAAC at the USGS EROS Center, Microsoft",
        "license": "proprietary",
        "link": "https://planetarycomputer.microsoft.com/api/stac/v1/collections/modis-17A3HGF-061/items",
        "variables": "",
        "dimensions": "",
        "assets": "hdf, Gpp_500m, Npp_500m, metadata, Npp_QC_500m"
    },
    {
        "title": "MODIS Snow Cover 8-day",
        "id": "modis-10A2-061",
        "description": "MODIS Snow Cover 8-day",
        "bbox": "-180, -90, 180, 90",
        "start_date": "2000-02-18",
        "end_date": "",
        "group_id": "modis",
        "container": "modis-061",
        "storage_account": "modiseuwest",
        "keywords": "NASA, MODIS, Satellite, Global, Snow, MOD10A2, MYD10A2",
        "providers": "National Snow and Ice Data Center, Microsoft",
        "license": "proprietary",
        "link": "https://planetarycomputer.microsoft.com/api/stac/v1/collections/modis-10A2-061/items",
        "variables": "",
        "dimensions": "",
        "assets": "hdf, metadata, Maximum_Snow_Extent, Eight_Day_Snow_Cover"
    },
    {
        "title": "MODIS Snow Cover Daily",
        "id": "modis-10A1-061",
        "description": "MODIS Snow Cover Daily",
        "bbox": "-180, -90, 180, 90",
        "start_date": "2000-02-24",
        "end_date": "",
        "group_id": "modis",
        "container": "modis-061",
        "storage_account": "modiseuwest",
        "keywords": "NASA, MODIS, Satellite, Global, Snow, MOD10A1, MYD10A1",
        "providers": "National Snow and Ice Data Center, Microsoft",
        "license": "proprietary",
        "link": "https://planetarycomputer.microsoft.com/api/stac/v1/collections/modis-10A1-061/items",
        "variables": "",
        "dimensions": "",
        "assets": "hdf, NDSI, metadata, orbit_pnt, granule_pnt, NDSI_Snow_Cover, Snow_Albedo_Daily_Tile, NDSI_Snow_Cover_Basic_QA, NDSI_Snow_Cover_Algorithm_Flags_QA"
    },
    {
        "title": "MODIS Surface Reflectance 8-Day (250m)",
        "id": "modis-09Q1-061",
        "description": "MODIS Surface Reflectance 8-Day (250m)",
        "bbox": "-180, -90, 180, 90",
        "start_date": "2000-02-18",
        "end_date": "",
        "group_id": "modis",
        "container": "modis-061",
        "storage_account": "modiseuwest",
        "keywords": "NASA, MODIS, Satellite, Imagery, Global, Reflectance, MOD09Q1, MYD09Q1",
        "providers": "NASA LP DAAC at the USGS EROS Center, Microsoft",
        "license": "proprietary",
        "link": "https://planetarycomputer.microsoft.com/api/stac/v1/collections/modis-09Q1-061/items",
        "variables": "",
        "dimensions": "",
        "assets": "hdf, metadata, sur_refl_b01, sur_refl_b02, sur_refl_qc_250m, sur_refl_state_250m"
    },
    {
        "title": "MODIS Surface Reflectance 8-Day (500m)",
        "id": "modis-09A1-061",
        "description": "MODIS Surface Reflectance 8-Day (500m)",
        "bbox": "-180, -90, 180, 90",
        "start_date": "2000-02-18",
        "end_date": "",
        "group_id": "modis",
        "container": "modis-061",
        "storage_account": "modiseuwest",
        "keywords": "NASA, MODIS, Satellite, Imagery, Global, Reflectance, MOD09A1, MYD09A1",
        "providers": "NASA LP DAAC at the USGS EROS Center, Microsoft",
        "license": "proprietary",
        "link": "https://planetarycomputer.microsoft.com/api/stac/v1/collections/modis-09A1-061/items",
        "variables": "",
        "dimensions": "",
        "assets": "hdf, metadata, sur_refl_b01, sur_refl_b02, sur_refl_b03, sur_refl_b04, sur_refl_b05, sur_refl_b06, sur_refl_b07, sur_refl_raz, sur_refl_szen, sur_refl_vzen, sur_refl_qc_500m, sur_refl_state_500m, sur_refl_day_of_year"
    },
    {
        "title": "MODIS Thermal Anomalies/Fire 8-Day",
        "id": "modis-14A2-061",
        "description": "MODIS Thermal Anomalies/Fire 8-Day",
        "bbox": "-180, -90, 180, 90",
        "start_date": "2000-02-18",
        "end_date": "",
        "group_id": "modis",
        "container": "modis-061",
        "storage_account": "modiseuwest",
        "keywords": "NASA, MODIS, Satellite, Global, Fire, MOD14A2, MYD14A2",
        "providers": "NASA LP DAAC at the USGS EROS Center, Microsoft",
        "license": "proprietary",
        "link": "https://planetarycomputer.microsoft.com/api/stac/v1/collections/modis-14A2-061/items",
        "variables": "",
        "dimensions": "",
        "assets": "QA, hdf, FireMask, metadata"
    },
    {
        "title": "MODIS Thermal Anomalies/Fire Daily",
        "id": "modis-14A1-061",
        "description": "MODIS Thermal Anomalies/Fire Daily",
        "bbox": "-180, -90, 180, 90",
        "start_date": "2000-02-18",
        "end_date": "",
        "group_id": "modis",
        "container": "modis-061",
        "storage_account": "modiseuwest",
        "keywords": "NASA, MODIS, Satellite, Global, Fire, MOD14A1, MYD14A1",
        "providers": "NASA LP DAAC at the USGS EROS Center, Microsoft",
        "license": "proprietary",
        "link": "https://planetarycomputer.microsoft.com/api/stac/v1/collections/modis-14A1-061/items",
        "variables": "",
        "dimensions": "",
        "assets": "QA, hdf, MaxFRP, sample, FireMask, metadata"
    },
    {
        "title": "MODIS Vegetation Indices 16-Day (250m)",
        "id": "modis-13Q1-061",
        "description": "MODIS Vegetation Indices 16-Day (250m)",
        "bbox": "-180, -90, 180, 90",
        "start_date": "2000-02-18",
        "end_date": "",
        "group_id": "modis",
        "container": "modis-061",
        "storage_account": "modiseuwest",
        "keywords": "NASA, MODIS, Satellite, Global, Vegetation, MOD13Q1, MYD13Q1",
        "providers": "NASA LP DAAC at the USGS EROS Center, Microsoft",
        "license": "proprietary",
        "link": "https://planetarycomputer.microsoft.com/api/stac/v1/collections/modis-13Q1-061/items",
        "variables": "",
        "dimensions": "",
        "assets": "hdf, metadata, 250m_16_days_EVI, 250m_16_days_NDVI, 250m_16_days_VI_Quality, 250m_16_days_MIR_reflectance, 250m_16_days_NIR_reflectance, 250m_16_days_red_reflectance, 250m_16_days_blue_reflectance, 250m_16_days_sun_zenith_angle, 250m_16_days_pixel_reliability, 250m_16_days_view_zenith_angle, 250m_16_days_relative_azimuth_angle, 250m_16_days_composite_day_of_the_year"
    },
    {
        "title": "MODIS Vegetation Indices 16-Day (500m)",
        "id": "modis-13A1-061",
        "description": "MODIS Vegetation Indices 16-Day (500m)",
        "bbox": "-180, -90, 180, 90",
        "start_date": "2000-02-18",
        "end_date": "",
        "group_id": "modis",
        "container": "modis-061",
        "storage_account": "modiseuwest",
        "keywords": "NASA, MODIS, Satellite, Global, Vegetation, MOD13A1, MYD13A1",
        "providers": "NASA LP DAAC at the USGS EROS Center, Microsoft",
        "license": "proprietary",
        "link": "https://planetarycomputer.microsoft.com/api/stac/v1/collections/modis-13A1-061/items",
        "variables": "",
        "dimensions": "",
        "assets": "hdf, metadata, 500m_16_days_EVI, 500m_16_days_NDVI, 500m_16_days_VI_Quality, 500m_16_days_MIR_reflectance, 500m_16_days_NIR_reflectance, 500m_16_days_red_reflectance, 500m_16_days_blue_reflectance, 500m_16_days_sun_zenith_angle, 500m_16_days_pixel_reliability, 500m_16_days_view_zenith_angle, 500m_16_days_relative_azimuth_angle, 500m_16_days_composite_day_of_the_year"
    },
    {
        "title": "MTBS: Monitoring Trends in Burn Severity",
        "id": "mtbs",
        "description": "Annual burn severity mosaics for the continental United States and Alaska",
        "bbox": "-166.705027, 56.331164, -137.664767, 69.980073",
        "start_date": "1984-12-31",
        "end_date": "2018-12-31",
        "group_id": "",
        "container": "cpdata",
        "storage_account": "cpdataeuwest",
        "keywords": "MTBS, USGS, USFS, USDA, Forest, Fire",
        "providers": "MTBS program, CarbonPlan, Microsoft",
        "license": "proprietary",
        "link": "https://planetarycomputer.microsoft.com/api/stac/v1/collections/mtbs/items",
        "variables": "",
        "dimensions": "",
        "assets": "metadata, burn-severity"
    },
    {
        "title": "Microsoft Building Footprints",
        "id": "ms-buildings",
        "description": "Machine learning detected buildings footprints.",
        "bbox": "-180.0, 90.0, 180.0, -90.0",
        "start_date": "2014-01-01",
        "end_date": "",
        "group_id": "",
        "container": "footprints",
        "storage_account": "bingmlbuildings",
        "keywords": "Bing Maps, Buildings, geoparquet, Microsoft, Footprint",
        "providers": "Microsoft",
        "license": "ODbL-1.0",
        "link": "https://planetarycomputer.microsoft.com/api/stac/v1/collections/ms-buildings/items",
        "variables": "",
        "dimensions": "",
        "assets": "data"
    },
    {
        "title": "MoBI: Map of Biodiversity Importance",
        "id": "mobi",
        "description": "Habitat information for 2,216 imperiled species occurring in the continental United States",
        "bbox": "-130.23751729209377, 21.736663926419077, -63.66198266211968, 49.184200486300604",
        "start_date": "2020-04-14",
        "end_date": "2020-04-14",
        "group_id": "",
        "container": "mobi",
        "storage_account": "ai4edataeuwest",
        "keywords": "MoBI, Natureserve, United States, Biodiversity",
        "providers": "NatureServe, Microsoft",
        "license": "proprietary",
        "link": "https://planetarycomputer.microsoft.com/api/stac/v1/collections/mobi/items",
        "variables": "",
        "dimensions": "",
        "assets": "RSR_All, RSR_Plants, RSR_Vertebrates, RSR_AquaticInverts, PWRSR_GAP12_SUM_All, SpeciesRichness_All, RSR_PollinatorInverts, PWRSR_GAP12_SUM_Plants, SpeciesRichness_Plants, PWRSR_GAP12_SUM_Vertebrates, SpeciesRichness_Vertebrates, PWRSR_GAP12_SUM_AquaticInverts, SpeciesRichness_AquaticInverts, PWRSR_GAP12_SUM_PollinatorInverts, SpeciesRichness_PollinatorInverts"
    },
    {
        "title": "Monthly NOAA U.S. Climate Gridded Dataset (NClimGrid)",
        "id": "noaa-nclimgrid-monthly",
        "description": "Gridded surface observations of monthly temperature and precipitation for the continental United States",
        "bbox": "-124.708333, 24.541666, -66.999995, 49.375001",
        "start_date": "1895-01-01",
        "end_date": "",
        "group_id": "noaa-nclimgrid",
        "container": "nclimgrid-cogs",
        "storage_account": "nclimgridwesteurope",
        "keywords": "United States, NOAA, NClimGrid, Climate, Precipitation, Temperature",
        "providers": "NOAA National Centers for Environmental Information, Microsoft",
        "license": "proprietary",
        "link": "https://planetarycomputer.microsoft.com/api/stac/v1/collections/noaa-nclimgrid-monthly/items",
        "variables": "",
        "dimensions": "",
        "assets": "prcp, tavg, tmax, tmin"
    },
    {
        "title": "NAIP: National Agriculture Imagery Program",
        "id": "naip",
        "description": "NAIP provides US-wide, high-resolution aerial imagery.  This dataset includes NAIP images from 2010 to the present.",
        "bbox": "-124.784, 24.744, -66.951, 49.346",
        "start_date": "2010-01-01",
        "end_date": "2020-12-31",
        "group_id": "",
        "container": "naip",
        "storage_account": "naipeuwest",
        "keywords": "NAIP, Aerial, Imagery, USDA, AFPO, Agriculture, United States",
        "providers": "USDA Farm Service Agency, Esri, Microsoft",
        "license": "proprietary",
        "link": "https://planetarycomputer.microsoft.com/api/stac/v1/collections/naip/items",
        "variables": "",
        "dimensions": "",
        "assets": "image, metadata, thumbnail"
    },
    {
        "title": "NASADEM HGT v001",
        "id": "nasadem",
        "description": "Global topographic data at 1 arc-second (~30m) horizontal resolution, derived primarily from data captured via the Shuttle Radar Topography Mission",
        "bbox": "-179.000139, -56.000139, 179.000139, 61.000139",
        "start_date": "2000-02-20",
        "end_date": "2000-02-20",
        "group_id": "",
        "container": "nasadem-cog",
        "storage_account": "nasademeuwest",
        "keywords": "NASA, JPL, Elevation, DEM, USGS, NGA, SRTM",
        "providers": "NASA, JPL, USGS, OpenTopography, Microsoft",
        "license": "proprietary",
        "link": "https://planetarycomputer.microsoft.com/api/stac/v1/collections/nasadem/items",
        "variables": "",
        "dimensions": "",
        "assets": "elevation"
    },
    {
        "title": "NOAA MRMS QPE 1-Hour Pass 1",
        "id": "noaa-mrms-qpe-1h-pass1",
        "description": "Integrated multi-sensor cumulative precipation estimate for the past hour with a 1-hour latency.",
        "bbox": "-176.0, 9.0, 150.0, 72.0",
        "start_date": "2022-07-21",
        "end_date": "",
        "group_id": "noaa-mrms-qpe",
        "container": "mrms-cogs",
        "storage_account": "mrms",
        "keywords": "NOAA, MRMS, QPE, Precipitation, Weather, United States, Guam, Caribbean",
        "providers": "NOAA National Severe Storms Laboratory, Microsoft",
        "license": "proprietary",
        "link": "https://planetarycomputer.microsoft.com/api/stac/v1/collections/noaa-mrms-qpe-1h-pass1/items",
        "variables": "",
        "dimensions": "",
        "assets": "cog, grib2"
    },
    {
        "title": "NOAA MRMS QPE 1-Hour Pass 2",
        "id": "noaa-mrms-qpe-1h-pass2",
        "description": "Integrated multi-sensor cumulative precipation estimate for the past hour with a 2-hour latency.",
        "bbox": "-176.0, 9.0, 150.0, 72.0",
        "start_date": "2022-07-21",
        "end_date": "",
        "group_id": "noaa-mrms-qpe",
        "container": "mrms-cogs",
        "storage_account": "mrms",
        "keywords": "NOAA, MRMS, QPE, Precipitation, Weather, United States, Guam, Caribbean",
        "providers": "NOAA National Severe Storms Laboratory, Microsoft",
        "license": "proprietary",
        "link": "https://planetarycomputer.microsoft.com/api/stac/v1/collections/noaa-mrms-qpe-1h-pass2/items",
        "variables": "",
        "dimensions": "",
        "assets": "cog, grib2"
    },
    {
        "title": "NOAA MRMS QPE 24-Hour Pass 2",
        "id": "noaa-mrms-qpe-24h-pass2",
        "description": "Integrated multi-sensor cumulative precipation estimate for the past 24 hours with a 2-hour latency.",
        "bbox": "-176.0, 9.0, 150.0, 72.0",
        "start_date": "2022-07-21",
        "end_date": "",
        "group_id": "noaa-mrms-qpe",
        "container": "mrms-cogs",
        "storage_account": "mrms",
        "keywords": "NOAA, MRMS, QPE, Precipitation, Weather, United States, Guam, Caribbean",
        "providers": "NOAA National Severe Storms Laboratory, Microsoft",
        "license": "proprietary",
        "link": "https://planetarycomputer.microsoft.com/api/stac/v1/collections/noaa-mrms-qpe-24h-pass2/items",
        "variables": "",
        "dimensions": "",
        "assets": "cog, grib2"
    },
    {
        "title": "Planet-NICFI Basemaps (Analytic)",
        "id": "planet-nicfi-analytic",
        "description": "Planet's high-resolution, analysis-ready mosaics of the world's tropics",
        "bbox": "-180.0, -34.161818157002, 180.0, 30.145127179625",
        "start_date": "2015-12-01",
        "end_date": "",
        "group_id": "planet-nicfi",
        "container": "nicfi",
        "storage_account": "planet",
        "keywords": "Planet, NICFI, Satellite, Tropics, Imagery",
        "providers": "Planet, Microsoft",
        "license": "proprietary",
        "link": "https://planetarycomputer.microsoft.com/api/stac/v1/collections/planet-nicfi-analytic/items",
        "variables": "",
        "dimensions": "",
        "assets": "data, thumbnail"
    },
    {
        "title": "Planet-NICFI Basemaps (Visual)",
        "id": "planet-nicfi-visual",
        "description": "Planet's high-resolution, analysis-ready mosaics of the world's tropics",
        "bbox": "-180.0, -34.161818157002, 180.0, 30.145127179625",
        "start_date": "2015-12-01",
        "end_date": "",
        "group_id": "planet-nicfi",
        "container": "nicfi",
        "storage_account": "planet",
        "keywords": "Planet, NICFI, Satellite, Tropics, Imagery",
        "providers": "Planet, Microsoft",
        "license": "proprietary",
        "link": "https://planetarycomputer.microsoft.com/api/stac/v1/collections/planet-nicfi-visual/items",
        "variables": "",
        "dimensions": "",
        "assets": "data, thumbnail"
    },
    {
        "title": "Sentinel 1 Level-1 Ground Range Detected (GRD)",
        "id": "sentinel-1-grd",
        "description": "Sentinel-1 Level-1 Ground Range Detected (GRD) products consist of focused SAR data that has been detected, multi-looked and projected to ground range using an Earth ellipsoid model.",
        "bbox": "-180, -90, 180, 90",
        "start_date": "2014-10-10",
        "end_date": "",
        "group_id": "sentinel-1",
        "container": "s1-grd",
        "storage_account": "sentinel1euwest",
        "keywords": "ESA, Copernicus, Sentinel, C-Band, SAR, GRD",
        "providers": "ESA, Microsoft",
        "license": "proprietary",
        "link": "https://planetarycomputer.microsoft.com/api/stac/v1/collections/sentinel-1-grd/items",
        "variables": "",
        "dimensions": "",
        "assets": "hh, hv, vh, vv, thumbnail, safe-manifest, schema-noise-hh, schema-noise-hv, schema-noise-vh, schema-noise-vv, schema-product-hh, schema-product-hv, schema-product-vh, schema-product-vv, schema-calibration-hh, schema-calibration-hv, schema-calibration-vh, schema-calibration-vv"
    },
    {
        "title": "Sentinel 1 Radiometrically Terrain Corrected (RTC)",
        "id": "sentinel-1-rtc",
        "description": "Radiometrically terrain corrected SAR imagery derived from the Sentinel 1 Level 1 GRD product.",
        "bbox": "-180, -90, 180, 90",
        "start_date": "2014-10-10",
        "end_date": "",
        "group_id": "sentinel-1",
        "container": "sentinel1-grd-rtc",
        "storage_account": "sentinel1euwestrtc",
        "keywords": "ESA, Copernicus, Sentinel, C-Band, SAR, RTC",
        "providers": "Catalyst, Microsoft",
        "license": "CC-BY-4.0",
        "link": "https://planetarycomputer.microsoft.com/api/stac/v1/collections/sentinel-1-rtc/items",
        "variables": "",
        "dimensions": "",
        "assets": "hh, hv, vh, vv"
    },
    {
        "title": "Sentinel-2 Level-2A",
        "id": "sentinel-2-l2a",
        "description": "The Sentinel-2 program provides global imagery in thirteen spectral bands at 10m-60m resolution and a revisit time of approximately five days.  This dataset contains the global Sentinel-2 archive, from 2016 to the present, processed to L2A (bottom-of-atmosphere).",
        "bbox": "-180, -90, 180, 90",
        "start_date": "2015-06-27",
        "end_date": "",
        "group_id": "",
        "container": "sentinel2-l2",
        "storage_account": "sentinel2l2a01",
        "keywords": "Sentinel, Copernicus, ESA, Satellite, Global, Imagery, Reflectance",
        "providers": "ESA, Esri, Microsoft",
        "license": "proprietary",
        "link": "https://planetarycomputer.microsoft.com/api/stac/v1/collections/sentinel-2-l2a/items",
        "variables": "",
        "dimensions": "",
        "assets": "AOT, B01, B02, B03, B04, B05, B06, B07, B08, B09, B11, B12, B8A, SCL, WVP, visual, preview, safe-manifest, granule-metadata, inspire-metadata, product-metadata, datastrip-metadata"
    },
    {
        "title": "TerraClimate",
        "id": "terraclimate",
        "description": "Monthly climate and climatic water balance for global terrestrial surfaces from 1958 to the present",
        "bbox": "-180, -90, 180, 90",
        "start_date": "1958-01-01",
        "end_date": "2019-12-01",
        "group_id": "",
        "container": "cpdata",
        "storage_account": "cpdataeuwest",
        "keywords": "TerraClimate, Water, Precipitation, Temperature, Vapor Pressure, Climate",
        "providers": "Microsoft, Climatology Lab, Abatzoglou, J.T., S.Z. Dobrowski, S.A. Parks, K.C. Hegewisch",
        "license": "CC0-1.0",
        "link": "https://planetarycomputer.microsoft.com/api/stac/v1/collections/terraclimate/items",
        "variables": "q, ws, aet, def, pet, ppt, swe, vap, vpd, pdsi, soil, srad, tmax, tmin, ppt_station_influence, vap_station_influence, tmax_station_influence, tmin_station_influence",
        "dimensions": "lat, lon, time",
        "assets": ""
    },
    {
        "title": "US Census",
        "id": "us-census",
        "description": "United States population counts at various levels of cartographic aggregation",
        "bbox": "-124.763068, 24.523096, -66.949895, 49.384358",
        "start_date": "2021-08-01",
        "end_date": "2021-08-01",
        "group_id": "",
        "container": "us-census",
        "storage_account": "ai4edataeuwest",
        "keywords": "US Census Bureau, Administrative boundaries, Population, Demographics",
        "providers": "United States Census Bureau, makepath, Microsoft",
        "license": "proprietary",
        "link": "https://planetarycomputer.microsoft.com/api/stac/v1/collections/us-census/items",
        "variables": "",
        "dimensions": "",
        "assets": "data"
    },
    {
        "title": "USGS 3DEP Lidar Classification",
        "id": "3dep-lidar-classification",
        "description": "3DEP Lidar collection for Cloud Optimized Geotiffs (COGs) created according to PDAL's Intensity dimension",
        "bbox": "-166.8546920006028, 17.655357747708283, -64.56116757979399, 71.39330810146807",
        "start_date": "2012-01-01",
        "end_date": "2022-01-01",
        "group_id": "3dep-lidar",
        "container": "usgs-3dep-cogs",
        "storage_account": "usgslidareuwest",
        "keywords": "USGS, 3DEP, COG, Classification",
        "providers": "Landrush, USGS, Microsoft",
        "license": "proprietary",
        "link": "https://planetarycomputer.microsoft.com/api/stac/v1/collections/3dep-lidar-classification/items",
        "variables": "",
        "dimensions": "",
        "assets": "data, thumbnail"
    },
    {
        "title": "USGS 3DEP Lidar Digital Surface Model",
        "id": "3dep-lidar-dsm",
        "description": "3DEP Lidar collection for the Digital Surface Model (DSM) Cloud Optimized Geotiffs (COGs).",
        "bbox": "-166.8546920006028, 17.655357747708283, -64.56116757979399, 71.39330810146807",
        "start_date": "2012-01-01",
        "end_date": "2022-01-01",
        "group_id": "3dep-lidar",
        "container": "usgs-3dep-cogs",
        "storage_account": "usgslidareuwest",
        "keywords": "USGS, 3DEP, COG, DSM",
        "providers": "Landrush, USGS, Microsoft",
        "license": "proprietary",
        "link": "https://planetarycomputer.microsoft.com/api/stac/v1/collections/3dep-lidar-dsm/items",
        "variables": "",
        "dimensions": "",
        "assets": "data, thumbnail"
    },
    {
        "title": "USGS 3DEP Lidar Digital Terrain Model",
        "id": "3dep-lidar-dtm",
        "description": "3DEP Lidar collection for the Digital Terrain Model (DTM) Cloud Optimized Geotiffs (COGs) using PDAL's filters.smrf.",
        "bbox": "-166.8546920006028, 17.655357747708283, -64.56116757979399, 71.39330810146807",
        "start_date": "2012-01-01",
        "end_date": "2022-01-01",
        "group_id": "3dep-lidar",
        "container": "usgs-3dep-cogs",
        "storage_account": "usgslidareuwest",
        "keywords": "USGS, 3DEP, COG, DTM",
        "providers": "Landrush, USGS, Microsoft",
        "license": "proprietary",
        "link": "https://planetarycomputer.microsoft.com/api/stac/v1/collections/3dep-lidar-dtm/items",
        "variables": "",
        "dimensions": "",
        "assets": "data, thumbnail"
    },
    {
        "title": "USGS 3DEP Lidar Digital Terrain Model (Native)",
        "id": "3dep-lidar-dtm-native",
        "description": "3DEP Lidar collection for the Digital Terrain Model (DTM) Cloud Optimized Geotiffs (COGs) using vendor provided ground classification.",
        "bbox": "-166.8546920006028, 17.655357747708283, -64.56116757979399, 71.39330810146807",
        "start_date": "2012-01-01",
        "end_date": "2022-01-01",
        "group_id": "3dep-lidar",
        "container": "usgs-3dep-cogs",
        "storage_account": "usgslidareuwest",
        "keywords": "USGS, 3DEP, COG, DTM",
        "providers": "Landrush, USGS, Microsoft",
        "license": "proprietary",
        "link": "https://planetarycomputer.microsoft.com/api/stac/v1/collections/3dep-lidar-dtm-native/items",
        "variables": "",
        "dimensions": "",
        "assets": "data, thumbnail"
    },
    {
        "title": "USGS 3DEP Lidar Height above Ground",
        "id": "3dep-lidar-hag",
        "description": "3DEP Lidar collection for the Height Above Ground (HAG or Elevation) Cloud Optimized Geotiffs (COGs). All USGS HAG COG STAC items will be associated with this STAC collection.",
        "bbox": "-166.8546920006028, 17.655357747708283, -64.56116757979399, 71.39330810146807",
        "start_date": "2012-01-01",
        "end_date": "2022-01-01",
        "group_id": "3dep-lidar",
        "container": "usgs-3dep-cogs",
        "storage_account": "usgslidareuwest",
        "keywords": "USGS, 3DEP, COG, Elevation",
        "providers": "Landrush, USGS, Microsoft",
        "license": "proprietary",
        "link": "https://planetarycomputer.microsoft.com/api/stac/v1/collections/3dep-lidar-hag/items",
        "variables": "",
        "dimensions": "",
        "assets": "data, thumbnail"
    },
    {
        "title": "USGS 3DEP Lidar Intensity",
        "id": "3dep-lidar-intensity",
        "description": "3DEP Lidar collection for the Cloud Optimized Geotiffs (COGs) based on the Intensity dimension.",
        "bbox": "-166.8546920006028, 17.655357747708283, -64.56116757979399, 71.39330810146807",
        "start_date": "2012-01-01",
        "end_date": "2022-01-01",
        "group_id": "3dep-lidar",
        "container": "usgs-3dep-cogs",
        "storage_account": "usgslidareuwest",
        "keywords": "USGS, 3DEP, COG, Intensity",
        "providers": "Landrush, USGS, Microsoft",
        "license": "proprietary",
        "link": "https://planetarycomputer.microsoft.com/api/stac/v1/collections/3dep-lidar-intensity/items",
        "variables": "",
        "dimensions": "",
        "assets": "data, thumbnail"
    },
    {
        "title": "USGS 3DEP Lidar Point Cloud",
        "id": "3dep-lidar-copc",
        "description": "Nationwide Lidar point cloud data in COPC format.",
        "bbox": "-166.8546920006028, 17.655357747708283, -64.56116757979399, 71.39330810146807",
        "start_date": "2012-01-01",
        "end_date": "2022-01-01",
        "group_id": "3dep-lidar",
        "container": "usgs-3dep-copc",
        "storage_account": "usgslidareuwest",
        "keywords": "USGS, 3DEP, COG, Point cloud",
        "providers": "Landrush, USGS, Microsoft",
        "license": "proprietary",
        "link": "https://planetarycomputer.microsoft.com/api/stac/v1/collections/3dep-lidar-copc/items",
        "variables": "",
        "dimensions": "",
        "assets": "data, thumbnail"
    },
    {
        "title": "USGS 3DEP Lidar Point Source",
        "id": "3dep-lidar-pointsourceid",
        "description": "3DEP Lidar collection for Cloud Optimized Geotiffs (COGs) using PDAL's PointSourceId dimension.",
        "bbox": "-166.8546920006028, 17.655357747708283, -64.56116757979399, 71.39330810146807",
        "start_date": "2012-01-01",
        "end_date": "2022-01-01",
        "group_id": "3dep-lidar",
        "container": "usgs-3dep-cogs",
        "storage_account": "usgslidareuwest",
        "keywords": "USGS, 3DEP, COG, PointSourceId",
        "providers": "Landrush, USGS, Microsoft",
        "license": "proprietary",
        "link": "https://planetarycomputer.microsoft.com/api/stac/v1/collections/3dep-lidar-pointsourceid/items",
        "variables": "",
        "dimensions": "",
        "assets": "data, thumbnail"
    },
    {
        "title": "USGS 3DEP Lidar Returns",
        "id": "3dep-lidar-returns",
        "description": "3DEP Lidar collection for the Cloud Optimized Geotiffs (COGs) based on the ReturnNumber dimension.",
        "bbox": "-166.8546920006028, 17.655357747708283, -64.56116757979399, 71.39330810146807",
        "start_date": "2012-01-01",
        "end_date": "2022-01-01",
        "group_id": "3dep-lidar",
        "container": "usgs-3dep-cogs",
        "storage_account": "usgslidareuwest",
        "keywords": "USGS, 3DEP, COG, NumberOfReturns",
        "providers": "Landrush, USGS, Microsoft",
        "license": "proprietary",
        "link": "https://planetarycomputer.microsoft.com/api/stac/v1/collections/3dep-lidar-returns/items",
        "variables": "",
        "dimensions": "",
        "assets": "data, thumbnail"
    },
    {
        "title": "USGS 3DEP Seamless DEMs",
        "id": "3dep-seamless",
        "description": "U.S.-wide digital elevation data at horizontal resolutions ranging from one to sixty meters",
        "bbox": "-174.001666666983, -15.00166666667, 164.0016666666, 84.00166666666",
        "start_date": "1925-01-01",
        "end_date": "2020-05-06",
        "group_id": "",
        "container": "3dep",
        "storage_account": "ai4edataeuwest",
        "keywords": "USGS, 3DEP, NED, Elevation, DEM",
        "providers": "USGS, Microsoft",
        "license": "PDDL-1.0",
        "link": "https://planetarycomputer.microsoft.com/api/stac/v1/collections/3dep-seamless/items",
        "variables": "",
        "dimensions": "",
        "assets": "data, gpkg, metadata, thumbnail"
    },
    {
        "title": "USGS Gap Land Cover",
        "id": "gap",
        "description": "U.S.-wide land cover information for 2011",
        "bbox": "-127.9710481801793, 22.797789263564383, -65.26634281147894, 51.64692620669362",
        "start_date": "1999-01-01",
        "end_date": "2011-12-31",
        "group_id": "",
        "container": "usgs-gap",
        "storage_account": "ai4edataeuwest",
        "keywords": "USGS, GAP, LANDFIRE, Land Cover, United States",
        "providers": "USGS, Microsoft",
        "license": "proprietary",
        "link": "https://planetarycomputer.microsoft.com/api/stac/v1/collections/gap/items",
        "variables": "",
        "dimensions": "",
        "assets": "data"
    },
    {
        "title": "Urban Innovation Eclipse Sensor Data",
        "id": "eclipse",
        "description": "A network of low-cost air quality sensing network for cities and led by the Urban Innovation Group at Microsoft Research",
        "bbox": "-87.94011408252348, 41.64454312178303, -87.5241371038952, 42.023038586147585",
        "start_date": "2021-01-01",
        "end_date": "",
        "group_id": "",
        "container": "eclipse",
        "storage_account": "ai4edataeuwest",
        "keywords": "Eclipse, PM25, air pollution",
        "providers": "Urban Innovation, Microsoft",
        "license": "proprietary",
        "link": "https://planetarycomputer.microsoft.com/api/stac/v1/collections/eclipse/items",
        "variables": "",
        "dimensions": "",
        "assets": "data"
    }
]