title	id	url	slug	summary	access	created	updated	isPrivate	isApi	accessInfo
ALS Raster Kaernten	39	https://gis.ktn.gv.at/ogd/custom/stac_cat_ktn/catalog.json	als-ktn	Digitales Gelaendemodell (DGM, ALS Raster Land Kaernten)	public	2021-09-20T11:18:40.008Z	2021-10-18T16:18:40.008Z	False	False	
Astraea Earth OnDemand	16	https://eod-catalog-svc-prod.astraea.earth/	astraea-earth-ondemand	Astraea Earth OnDemand geospatial imagery query and analysis tool	public	2020-09-02T19:21:50.464Z	2020-09-02T19:21:50.464Z	False	True	
CBERS and Amazonia-1 on AWS	8	https://stac.amskepler.com/v100	cbers	Imagery acquired by the China-Brazil Earth Resources (CBERS) and Amazonia-1 satellites. The image files are recorded and processed by INPE and are converted to Cloud Optimized Geotiff format in order to optimize its use for cloud based applications. Daily updated and hosted on AWS.	public	2020-08-20T00:00:00.000Z	2022-08-31T19:00:00.000Z	False	True	
California Forest Observatory	27	https://storage.googleapis.com/cfo-public/catalog.json	forest-observatory	The Forest Observatory is a data-driven forest monitoring system that maps the drivers of wildfire behavior across the state with a focus on vegetation fuels. Data are available for non-commercial use under the Forest Observatory [terms of use](https://forestobservatory.com/legal.html).	public	2021-01-14T17:33:34.176Z	2021-01-14T17:33:34.176Z	False	False	
Capella Space Open Data	55	https://capella-open-data.s3.us-west-2.amazonaws.com/stac/catalog.json	capella-space-open-data	This open SAR dataset contains > 100 Capella Space scenes.   Imaging modes: Spotlight, Stripmap and Sliding Spotlight.   Image product types: Single Look Complex (SLC), Geocoded Terrain Corrected (GEO), Geocoded Ellipsoid Corrected (GEC) and Sensor Independent Complex Data (SICD)	public	2022-09-28T05:32:04.142Z	2022-09-28T05:32:04.142Z	False	False	
Data.Geo.Admin.Ch	30	https://data.geo.admin.ch/api/stac/v0.9/	datageoadminch	Data Catalog of the Swiss Federal Spatial Data Infrastructure	public	2021-03-01T09:17:22.119Z	2021-03-01T09:17:22.119Z	False	True	
Digital Earth Africa	37	https://explorer.digitalearth.africa/stac/	digital-earth-africa	Digital Earth Africa is a platform that uses spatial data and images recorded by satellites orbiting our planet to detect physical changes across Africa in unprecedented detail.	public	2021-07-19T14:23:00.911Z	2021-07-19T14:23:00.911Z	False	True	
Digital Earth Australia	36	https://explorer.sandbox.dea.ga.gov.au/stac/	digital-earth-au	Digital Earth Australia (DEA) is a platform that uses spatial data and images recorded by satellites orbiting our planet to detect physical changes across Australia in unprecedented detail.	public	2021-07-19T14:20:22.121Z	2021-07-19T14:20:22.121Z	False	True	
Digitale Orthophotos Niedersachsen	35	https://dop-stac.opengeodata.lgln.niedersachsen.de/catalog.json	digitale-orthophotos-niedersachsen	Digital orthophotos from Lower Saxony in Germany, provided by LGLN.	public	2021-07-06T00:07:56.234Z	2022-01-31T18:07:56.234Z	False	False	
Disasters Charter Mapper Catalog	45	https://supervisor.disasterscharter.org/api/catalog.json	disasters-charter-mapper-catalog	Satellite data to support disaster response worldwide.	protected	2021-12-09T20:26:47.852Z	2021-12-09T20:26:47.852Z	True	False	Some datasets are restricted by licensing to the exclusive usage for the disaster response by authorized users.
EODC API (openEO)	4	https://openeo.eodc.eu/v1.0/	eodc-openeo	The EODC API provides access to the EODC services and data (Sentinel-1, Sentinel-2 and Sentinel-3), as well as access to the openEO endpoints.	protected	2020-08-20T00:00:00.000Z	2020-08-20T00:00:00.000Z	True	True	The EODC API is accessible for EODC partners only. You need to [contact](https://www.eodc.eu/contact/) EODC to subscribe to their services.
ERS open data	57	https://s3ext.gptl.ru/stac-web-free/catalog.json	ers-open-data	Some open data sets from the Russian Federal Space Agency, e.g. from the Meteor-M and Electro-L satellites.	public	2022-10-19T08:47:28.185Z	2022-10-19T08:47:28.185Z	False	True	
Earth Search	2	https://earth-search.aws.element84.com/v0	earth-search	A STAC API of [AWS Public Datasets](https://registry.opendata.aws/).	public	2020-08-20T00:00:00.000Z	2020-08-20T00:00:00.000Z	False	True	
Ebird Status And Trends Model Results	9	https://ebirdst-data.s3-us-west-2.amazonaws.com/catalog.json	ebird-status-and-trends-model-results	From: https://registry.opendata.aws/ebirdst/ - The eBird Status and Trends project generates estimates of bird occurrence and abundance at a high spatiotemporal resolution. This dataset represents the primary modeled results from the analysis workflow and are designed for further analysis, synthesis, visualization, and exploration.	public	2020-08-20T00:00:00.000Z	2020-08-20T00:00:00.000Z	False	False	
Esri-Lulc-2020	34	https://esri-lulc-2020-stac.s3.amazonaws.com/catalog.json	esri-lulc-2020	A ten class global land use/land cover (LULC) map for the year 2020 at 10 meter resolution.  Created by Impact Observatory in partnership with Microsoft and ESRI.	public	2021-06-26T06:17:29.426Z	2021-06-26T06:17:29.426Z	False	False	
Eurac Research (openEO)	23	https://openeo.eurac.edu/	eurac-research-openeo	The Eurac Research backend provides EO data available for processing using OGC WC(P)S and the open data cube	protected	2020-11-13T09:20:44.050Z	2020-11-13T09:20:44.050Z	True	True	Contact [Alexander Jacob from EURAC Research](https://www.eurac.edu/de/people/alexander-jacob?institute=institut-fuer-erdbeobachtung) for details.
FAIRiCUBE Hub Catalog	58	https://catalog.fairicube.eu/stac/index.json 	fairicube-hub-catalog	A STAC catalog that contains all collections available on the FAIRiCUBE Hub and within the Sentinel Hub openEO backend.	public	2022-12-20T08:10:04.157Z	2022-12-20T08:10:04.157Z	False	False	
FMI ARD Finland	42	https://pta.data.lit.fmi.fi/stac/root.json	fmi-ard-finland	Analysis Ready Data from the Finnish Meteorological Institute in the Finnish reference grid epsg:3067. Sentinel-1 and -2 as dekad mosaics as main items, but many other related data sets over Finland are included as well. For example the forestry inventory data as COGs are available as well.	public	2021-11-06T07:05:11.515Z	2021-11-06T07:05:11.515Z	False	False	
FedEO Clearinghouse	15	https://eovoc.spacebel.be/	fedeo-clearinghouse	FedEO Clearinghouse provides interoperable access, following ISO/OGC interface guidelines, to Earth Observation metadata	public	2020-09-02T03:08:35.077Z	2022-01-21T19:08:35.077Z	False	False	
Google Earth Engine	21	https://earthengine-stac.storage.googleapis.com/catalog/catalog.json	google-earth-engine	List of all rasters and vectors present in the [Google Earth Engine Catalog](https://developers.google.com/earth-engine/datasets/).	public	2020-10-01T19:38:14.208Z	2020-10-01T19:38:14.208Z	False	False	
Google Earth Engine (openEO)	6	https://earthengine.openeo.org/v1.0	google-earth-engine-openeo	This is the Google Earth Engine Driver for openEO. Google Earth Engine is a planetary-scale platform for Earth science data & analysis. It is powered by Google's cloud infrastructure and combines a multi-petabyte catalog of satellite imagery and geospatial datasets with planetary-scale analysis capabilities. Google makes it available for scientists, researchers, and developers to detect changes, map trends, and quantify differences on the Earth's surface.	public	2020-08-20T00:00:00.000Z	2020-08-20T00:00:00.000Z	False	True	
IDE Facultad de Ciencia y Tecnología UADER	53	https://raw.githubusercontent.com/IDE-FCyT/IDE-FCyT/main/catalog/stac_catalog.json	ide-facultad-de-ciencia-y-tecnologia-uader	Lista de raster y vectores presentes en la IDE de la Facultad de Ciencia y Tecnología - UADER 	public	2022-06-23T15:00:45.539Z	2022-06-23T15:00:45.539Z	False	False	
MSC GeoMet - GeoMet-OGC-API	29	https://api.weather.gc.ca/stac?f=json	msc-geomet	GeoMet-OGC-API provides public access to the Meteorological Service of Canada (MSC) and Environment and Climate Change Canada (ECCC) data via interoperable web services and application programming interfaces (API).	public	2021-02-19T21:48:40.527Z	2021-02-19T21:48:40.527Z	False	False	
Maxar ARD Sample Data	50	https://ard.maxar.com/samples/catalog.json	maxar-ard-sample-data	Root Catalog for Maxar ARD sample data.   All contents Ⓒ Maxar and for evaluation only.	public	2022-04-15T22:04:14.769Z	2022-04-15T22:04:14.769Z	False	False	
Maxar Open Data Catalog (ARD format)	56	https://maxar-opendata.s3.amazonaws.com/events/catalog.json	maxar-open-data-catalog-ard-format	Root catalog for the [Maxar Open Data Program](https://www.maxar.com/open-data) imagery generated through the Maxar ARD pipeline. 	public	2022-10-03T20:14:03.104Z	2022-10-03T20:14:03.104Z	False	False	
Microsoft Planetary Computer STAC API	32	https://planetarycomputer.microsoft.com/api/stac/v1	microsoft-pc	Searchable spatiotemporal metadata describing Earth science datasets hosted by the Microsoft Planetary Computer	public	2021-05-03T16:29:53.726Z	2021-05-03T16:29:53.726Z	False	True	
Monthly Mosaic of Sentinel 2 Images for Catalonia	52	https://datacloud.icgc.cat/stac-catalog/catalog.json	catalonia-monthly-sentinel2	Monthly mosaics of sentinel-2 images over Catalonia, choosing lowest cloud coverage for each timespan. Indexes several collections of different Cloud Optimized Geotiffs: RGB de 8/16 bits, IRC  8/16 bits.	public	2022-06-03T11:53:57.125Z	2022-06-03T11:53:57.125Z	False	False	
Mundialis Actinia (Openeo)	24	https://openeo.mundialis.de/api/v1.0	mundialis-actinia-openeo	Access to the mundialis Actinia service via an openEO interface.	protected	2020-11-13T09:22:13.399Z	2020-11-13T09:22:13.399Z	True	True	Contact [mundialis](https://www.mundialis.de/de/contact/) for details.
NASA AVIRIS catalog	33	https://franklin.nasa-hsi.azavea.com/	nasa-aviris-catalog	Franklin instance indexing some of [NASA's AVIRIS data](https://aviris.jpl.nasa.gov/)	public	2021-05-03T17:36:06.774Z	2021-05-03T17:36:06.774Z	False	False	
NASA CMR CLOUDSTAC Proxy	48	https://cmr.earthdata.nasa.gov/cloudstac	nasa-cmr-cloudstac-proxy	"SpatioTemporal Asset Catalog API on top of [NASA's Common Metadata Repository](https://cmr.earthdata.nasa.gov/search/). The Common Metadata Repository (CMR) is a high-performance, high-quality, continuously evolving metadata system that catalogs Earth Science data and associated service metadata records.  This API only contains STAC Collections where the Item Assets are available ""in the cloud"" (i.e., on s3)."	public	2022-02-24T21:58:16.563Z	2022-02-24T21:58:16.563Z	False	True	
NASA CMR STAC	7	https://cmr.earthdata.nasa.gov/stac	cmr-stac	SpatioTemporal Asset Catalog API on top of NASA's [Common Metadata Repository](https://cmr.earthdata.nasa.gov/search/). The Common Metadata Repository (CMR) is a high-performance, high-quality, continuously evolving metadata system that catalogs Earth Science data and associated service metadata records.	public	2020-08-20T00:00:00.000Z	2022-02-23T18:00:00.000Z	False	True	
NASA ISERV	14	https://nasa-iserv.s3-us-west-2.amazonaws.com/catalog/catalog.json	nasa-iserv	ISS SERVIR Environmental Research and Visualization System (ISERV) Level-0 Product. These products were created at the ISERV Science Operation Center (SOC) at the National Space Science and Technology Center. ISERV is an automated system designed to acquire images of the Earth's surface from the International Space Station (ISS).	public	2020-09-01T20:05:35.697Z	2020-09-01T20:05:35.697Z	False	False	
OpenAerialMap Example	20	https://gist.githubusercontent.com/m-mohr/d015e86ff18b767f94a669a625c00f85/raw/93fc960b0bad48348598cf16917c945c6bfc62c4/catalog.json	openaerialmap-example	Example STAC Item for an entry on OpenAerialMap, created during the STAC Intro and Q&A.	public	2020-09-08T18:25:21.672Z	2020-09-08T18:25:21.672Z	False	False	
OpenTopography Data Catalog	25	https://portal.opentopography.org/stac/catalog.json	opentopography	A catalog of topography datasets hosted by OpenTopography	public	2020-11-18T04:57:20.431Z	2020-11-18T04:57:20.431Z	False	False	
Openeo Platform	40	https://openeocloud.vito.be/openeo/1.0.0/	openeo-platform	openEO platform provides intuitive programming libraries to process a wide variety of earth observation datasets. This large-scale data access and processing is performed on multiple infrastructures, which all support the openEO and STAC API.	protected	2021-10-27T21:02:47.508Z	2021-10-27T21:02:47.508Z	True	True	Please see [openeo.cloud](https://openeo.cloud) for more information on how to get access to the Platform API.
Pangeo Cloud Data Catalog	17	https://raw.githubusercontent.com/charlesbluca/pangeo-datastore-stac/master/master/catalog.json	pangeo	Experimental STAC catalog of ocean, weather, and climate data stored in Zarr format in Google Cloud Storage.	public	2020-09-03T13:10:10.994Z	2020-09-03T13:10:10.994Z	False	False	
Planet Labs STAC Catalog	44	https://www.planet.com/data/stac/catalog.json	planet-labs-stac-catalog	This catalog serves as the main root STAC Catalog for Planet Labs. It links to 3 small static catalogs of open data, including a small set of Planet Disaster Data, some CC-BY SkySat collects and the complete Spacenet 7 images and labels.	public	2021-12-08T22:55:27.717Z	2021-12-08T22:55:27.717Z	False	False	
Radiant MLHub	5	https://api.radiant.earth/mlhub/v1/	radiant-mlhub	Open library for geospatial training data to advance machine learning applications on Earth Observations.	protected	2020-08-20T00:00:00.000Z	2020-08-20T00:00:00.000Z	True	True	An access token can be acquired by registering on the [MLHub Dashboard](https://dashboard.mlhub.earth/).
S2 for Ghana	31	https://gws-access.jasmin.ac.uk/public/odanceo/S2_L2/collection.json	s2-for-ghana	Sentinel 2 Surface Reflectance over Ghana using SIAC AC.	public	2021-04-21T13:43:48.505Z	2021-04-21T13:43:48.505Z	False	False	
SPOT Orthoimages of Canada (2005-2010)	12	https://spot-canada-ortho.s3.amazonaws.com/catalog.json	spot-orthoimages-canada-2005	Canada's Orthoimages 2005-2010 is the national medium-resolution imagery coverage of Canada. These digital raster data acquired by the Spot4 and Spot5 satellites comprise five spectral bands.	public	2020-08-24T20:59:43.049Z	2020-08-24T20:59:43.049Z	False	False	
Satellite Vu public static STAC	51	https://stac.satellitevu.com	satellite-vu-public-static-stac	Sample imagery from flight campaigns ran by Satellite Vu in March and April 2021. Consists of 5 images resampled to the highest resolution achievable by Satellite Vu's sensor from orbit.	public	2022-04-20T15:50:03.156Z	2022-04-20T15:50:03.156Z	False	False	
Sentinel 5P Level 2 on AWS	11	https://meeo-s5p.s3.amazonaws.com/catalog.json	sentinel-5p-level2-aws	Observations from the Sentinel-5 Precursor (Sentinel-5P) satellite of the European Commission’s Copernicus Earth Observation Programme. Hosted on AWS.	public	2020-08-24T20:55:25.010Z	2020-08-24T20:55:25.010Z	False	False	
Sentinel Hub	3	https://services.sentinel-hub.com/api/v1/catalog/1.0.0/	sentinel-hub	Sentinel Hub Catalog is an API implementing the STAC Specification, describing geospatial information about different data used with Sentinel Hub.	protected	2020-08-20T00:00:00.000Z	2022-12-07T11:00:00.000Z	True	True	The Sentinel Hub API uses OAuth2 Authentication and requires that you have an access token. See the [Authentication chapter](https://docs.sentinel-hub.com/api/latest/api/overview/authentication/) for more information.
Sentinel-2 and Landsat-8 catalog	18	https://tamn.snapplanet.io	sentinel-2-and-landsat-8-catalog	Up to date Sentinel-2 and Landsat-8 catalog used for demo with rocket client.	public	2020-09-03T13:15:22.526Z	2020-09-03T13:15:22.526Z	False	True	
UK NCEO Analysis Ready Data (ARD)	54	https://gws-access.jasmin.ac.uk/public/nceo_ard/NCEO_ARD_STAC/catalog.json	uk-nceo-analysis-ready-data-ard	This STAC catalog contains Sentinel 2 (S2) surface reflectance over the UK from 2017 to 2019. The surface reflectance have been processed by SIAC atmospheric correction method, with per pixel uncertainty information.	public	2022-08-18T12:23:01.252Z	2022-08-18T12:23:01.252Z	False	False	
USGS 3DEP LiDAR Point Clouds	13	https://usgs-lidar-stac.s3-us-west-2.amazonaws.com/ept/catalog.json	usgs-3dep-lidar	LiDAR 3DEP elevation data over the conterminous United States, Hawaii, and the U.S. territories, acquired over an 8-year period. Hosted on AWS.	public	2020-08-26T19:23:18.645Z	2021-05-13T19:23:18.645Z	False	False	
USGS Astrogeology Provided Analysis Ready Data	38	https://asc-stacbrowser.s3.us-west-2.amazonaws.com/catalog.json	usgs-astrogeology-ard	Analysis Ready Data (ARD) hosted by USGS Astrogeology. This catalog is organized by planetary body (e.g., Mars or Jupiter). Within each sub-catalog, users will find ARD orgamized by moon and/or data type (e.g., Europa, or kaguyaTC DTMs) depending upon how much logical nesting is required.	public	2021-08-11T14:09:33.168Z	2021-08-11T14:09:33.168Z	False	False	
USGS Landsat Collection 2 API	41	https://landsatlook.usgs.gov/stac-server	usgs-landsat-collection-2-api	USGS authoritative source for Landsat Collection 2 data	public	2021-10-29T06:24:42.967Z	2021-10-29T06:24:42.967Z	False	True	
VITO (openEO)	10	https://openeo.vito.be/openeo/1.0	vito-openeo	openEO API to the VITO Remote Sensing product catalog and processing services.	protected	2020-08-24T20:44:28.248Z	2020-08-24T20:44:28.248Z	True	True	Contact [Jeroen Dries](https://remotesensing.vito.be/team/jeroen-dries) or [VITO Remote Sensing](https://remotesensing.vito.be/contact-us) for more information.
WeatherLayers	49	https://catalog.weatherlayers.com/catalog	weatherlayers	WeatherLayers is Weather Visualization as a Service, providing pre-processed weather data for visualization and a frontend weather visualization library, which can be used with both cloud and custom self-hosted data. See [WeatherLayers](https://weatherlayers.com/) for more details.	protected	2022-03-26T16:47:34.737Z	2022-03-26T16:47:34.737Z	True	False	Subscription plans are available to access periodically pre-processed weather data for visualization. See [WeatherLayers](https://weatherlayers.com/) for more details.
World Bank - Light Every Night	28	https://globalnightlight.s3.amazonaws.com/VIIRS_npp_catalog.json	world-bank-light-every-night	Nightly visible radiance catalogues from VIIRS DNB NPP for 2012/04 through 2020/12.	public	2021-02-16T10:01:48.253Z	2021-02-16T10:01:48.253Z	False	False	
