[
    {
        "title": "ALS Raster Kaernten",
        "id": 39,
        "url": "https://gis.ktn.gv.at/ogd/custom/stac_cat_ktn/catalog.json",
        "slug": "als-ktn",
        "summary": "Digitales Gelaendemodell (DGM, ALS Raster Land Kaernten)",
        "access": "public",
        "created": "2021-09-20T11:18:40.008Z",
        "updated": "2021-10-18T16:18:40.008Z",
        "isPrivate": false,
        "isApi": false,
        "accessInfo": null
    },
    {
        "title": "Astraea Earth OnDemand",
        "id": 16,
        "url": "https://eod-catalog-svc-prod.astraea.earth/",
        "slug": "astraea-earth-ondemand",
        "summary": "Astraea Earth OnDemand geospatial imagery query and analysis tool",
        "access": "public",
        "created": "2020-09-02T19:21:50.464Z",
        "updated": "2020-09-02T19:21:50.464Z",
        "isPrivate": false,
        "isApi": true,
        "accessInfo": null
    },
    {
        "title": "CBERS and Amazonia-1 on AWS",
        "id": 8,
        "url": "https://stac.amskepler.com/v100",
        "slug": "cbers",
        "summary": "Imagery acquired by the China-Brazil Earth Resources (CBERS) and Amazonia-1 satellites. The image files are recorded and processed by INPE and are converted to Cloud Optimized Geotiff format in order to optimize its use for cloud based applications. Daily updated and hosted on AWS.",
        "access": "public",
        "created": "2020-08-20T00:00:00.000Z",
        "updated": "2022-08-31T19:00:00.000Z",
        "isPrivate": false,
        "isApi": true,
        "accessInfo": null
    },
    {
        "title": "California Forest Observatory",
        "id": 27,
        "url": "https://storage.googleapis.com/cfo-public/catalog.json",
        "slug": "forest-observatory",
        "summary": "The Forest Observatory is a data-driven forest monitoring system that maps the drivers of wildfire behavior across the state with a focus on vegetation fuels. Data are available for non-commercial use under the Forest Observatory [terms of use](https://forestobservatory.com/legal.html).",
        "access": "public",
        "created": "2021-01-14T17:33:34.176Z",
        "updated": "2021-01-14T17:33:34.176Z",
        "isPrivate": false,
        "isApi": false,
        "accessInfo": null
    },
    {
        "title": "Capella Space Open Data",
        "id": 55,
        "url": "https://capella-open-data.s3.us-west-2.amazonaws.com/stac/catalog.json",
        "slug": "capella-space-open-data",
        "summary": "This open SAR dataset contains > 100 Capella Space scenes.   Imaging modes: Spotlight, Stripmap and Sliding Spotlight.   Image product types: Single Look Complex (SLC), Geocoded Terrain Corrected (GEO), Geocoded Ellipsoid Corrected (GEC) and Sensor Independent Complex Data (SICD)",
        "access": "public",
        "created": "2022-09-28T05:32:04.142Z",
        "updated": "2022-09-28T05:32:04.142Z",
        "isPrivate": false,
        "isApi": false,
        "accessInfo": null
    },
    {
        "title": "Data.Geo.Admin.Ch",
        "id": 30,
        "url": "https://data.geo.admin.ch/api/stac/v0.9/",
        "slug": "datageoadminch",
        "summary": "Data Catalog of the Swiss Federal Spatial Data Infrastructure",
        "access": "public",
        "created": "2021-03-01T09:17:22.119Z",
        "updated": "2021-03-01T09:17:22.119Z",
        "isPrivate": false,
        "isApi": true,
        "accessInfo": null
    },
    {
        "title": "Digital Earth Africa",
        "id": 37,
        "url": "https://explorer.digitalearth.africa/stac/",
        "slug": "digital-earth-africa",
        "summary": "Digital Earth Africa is a platform that uses spatial data and images recorded by satellites orbiting our planet to detect physical changes across Africa in unprecedented detail.",
        "access": "public",
        "created": "2021-07-19T14:23:00.911Z",
        "updated": "2021-07-19T14:23:00.911Z",
        "isPrivate": false,
        "isApi": true,
        "accessInfo": null
    },
    {
        "title": "Digital Earth Australia",
        "id": 36,
        "url": "https://explorer.sandbox.dea.ga.gov.au/stac/",
        "slug": "digital-earth-au",
        "summary": "Digital Earth Australia (DEA) is a platform that uses spatial data and images recorded by satellites orbiting our planet to detect physical changes across Australia in unprecedented detail.",
        "access": "public",
        "created": "2021-07-19T14:20:22.121Z",
        "updated": "2021-07-19T14:20:22.121Z",
        "isPrivate": false,
        "isApi": true,
        "accessInfo": null
    },
    {
        "title": "Digitale Orthophotos Niedersachsen",
        "id": 35,
        "url": "https://dop-stac.opengeodata.lgln.niedersachsen.de/catalog.json",
        "slug": "digitale-orthophotos-niedersachsen",
        "summary": "Digital orthophotos from Lower Saxony in Germany, provided by LGLN.",
        "access": "public",
        "created": "2021-07-06T00:07:56.234Z",
        "updated": "2022-01-31T18:07:56.234Z",
        "isPrivate": false,
        "isApi": false,
        "accessInfo": null
    },
    {
        "title": "Disasters Charter Mapper Catalog",
        "id": 45,
        "url": "https://supervisor.disasterscharter.org/api/catalog.json",
        "slug": "disasters-charter-mapper-catalog",
        "summary": "Satellite data to support disaster response worldwide.",
        "access": "protected",
        "created": "2021-12-09T20:26:47.852Z",
        "updated": "2021-12-09T20:26:47.852Z",
        "isPrivate": true,
        "isApi": false,
        "accessInfo": "Some datasets are restricted by licensing to the exclusive usage for the disaster response by authorized users."
    },
    {
        "title": "EODC API (openEO)",
        "id": 4,
        "url": "https://openeo.eodc.eu/v1.0/",
        "slug": "eodc-openeo",
        "summary": "The EODC API provides access to the EODC services and data (Sentinel-1, Sentinel-2 and Sentinel-3), as well as access to the openEO endpoints.",
        "access": "protected",
        "created": "2020-08-20T00:00:00.000Z",
        "updated": "2020-08-20T00:00:00.000Z",
        "isPrivate": true,
        "isApi": true,
        "accessInfo": "The EODC API is accessible for EODC partners only. You need to [contact](https://www.eodc.eu/contact/) EODC to subscribe to their services."
    },
    {
        "title": "ERS open data",
        "id": 57,
        "url": "https://s3ext.gptl.ru/stac-web-free/catalog.json",
        "slug": "ers-open-data",
        "summary": "Some open data sets from the Russian Federal Space Agency, e.g. from the Meteor-M and Electro-L satellites.",
        "access": "public",
        "created": "2022-10-19T08:47:28.185Z",
        "updated": "2022-10-19T08:47:28.185Z",
        "isPrivate": false,
        "isApi": true,
        "accessInfo": null
    },
    {
        "title": "Earth Search",
        "id": 2,
        "url": "https://earth-search.aws.element84.com/v0",
        "slug": "earth-search",
        "summary": "A STAC API of [AWS Public Datasets](https://registry.opendata.aws/).",
        "access": "public",
        "created": "2020-08-20T00:00:00.000Z",
        "updated": "2020-08-20T00:00:00.000Z",
        "isPrivate": false,
        "isApi": true,
        "accessInfo": null
    },
    {
        "title": "Ebird Status And Trends Model Results",
        "id": 9,
        "url": "https://ebirdst-data.s3-us-west-2.amazonaws.com/catalog.json",
        "slug": "ebird-status-and-trends-model-results",
        "summary": "From: https://registry.opendata.aws/ebirdst/ - The eBird Status and Trends project generates estimates of bird occurrence and abundance at a high spatiotemporal resolution. This dataset represents the primary modeled results from the analysis workflow and are designed for further analysis, synthesis, visualization, and exploration.",
        "access": "public",
        "created": "2020-08-20T00:00:00.000Z",
        "updated": "2020-08-20T00:00:00.000Z",
        "isPrivate": false,
        "isApi": false,
        "accessInfo": null
    },
    {
        "title": "Esri-Lulc-2020",
        "id": 34,
        "url": "https://esri-lulc-2020-stac.s3.amazonaws.com/catalog.json",
        "slug": "esri-lulc-2020",
        "summary": "A ten class global land use/land cover (LULC) map for the year 2020 at 10 meter resolution.  Created by Impact Observatory in partnership with Microsoft and ESRI.",
        "access": "public",
        "created": "2021-06-26T06:17:29.426Z",
        "updated": "2021-06-26T06:17:29.426Z",
        "isPrivate": false,
        "isApi": false,
        "accessInfo": null
    },
    {
        "title": "Eurac Research (openEO)",
        "id": 23,
        "url": "https://openeo.eurac.edu/",
        "slug": "eurac-research-openeo",
        "summary": "The Eurac Research backend provides EO data available for processing using OGC WC(P)S and the open data cube",
        "access": "protected",
        "created": "2020-11-13T09:20:44.050Z",
        "updated": "2020-11-13T09:20:44.050Z",
        "isPrivate": true,
        "isApi": true,
        "accessInfo": "Contact [Alexander Jacob from EURAC Research](https://www.eurac.edu/de/people/alexander-jacob?institute=institut-fuer-erdbeobachtung) for details."
    },
    {
        "title": "FAIRiCUBE Hub Catalog",
        "id": 58,
        "url": "https://catalog.fairicube.eu/stac/index.json ",
        "slug": "fairicube-hub-catalog",
        "summary": "A STAC catalog that contains all collections available on the FAIRiCUBE Hub and within the Sentinel Hub openEO backend.",
        "access": "public",
        "created": "2022-12-20T08:10:04.157Z",
        "updated": "2022-12-20T08:10:04.157Z",
        "isPrivate": false,
        "isApi": false,
        "accessInfo": null
    },
    {
        "title": "FMI ARD Finland",
        "id": 42,
        "url": "https://pta.data.lit.fmi.fi/stac/root.json",
        "slug": "fmi-ard-finland",
        "summary": "Analysis Ready Data from the Finnish Meteorological Institute in the Finnish reference grid epsg:3067. Sentinel-1 and -2 as dekad mosaics as main items, but many other related data sets over Finland are included as well. For example the forestry inventory data as COGs are available as well.",
        "access": "public",
        "created": "2021-11-06T07:05:11.515Z",
        "updated": "2021-11-06T07:05:11.515Z",
        "isPrivate": false,
        "isApi": false,
        "accessInfo": null
    },
    {
        "title": "FedEO Clearinghouse",
        "id": 15,
        "url": "https://eovoc.spacebel.be/",
        "slug": "fedeo-clearinghouse",
        "summary": "FedEO Clearinghouse provides interoperable access, following ISO/OGC interface guidelines, to Earth Observation metadata",
        "access": "public",
        "created": "2020-09-02T03:08:35.077Z",
        "updated": "2022-01-21T19:08:35.077Z",
        "isPrivate": false,
        "isApi": false,
        "accessInfo": null
    },
    {
        "title": "Google Earth Engine",
        "id": 21,
        "url": "https://earthengine-stac.storage.googleapis.com/catalog/catalog.json",
        "slug": "google-earth-engine",
        "summary": "List of all rasters and vectors present in the [Google Earth Engine Catalog](https://developers.google.com/earth-engine/datasets/).",
        "access": "public",
        "created": "2020-10-01T19:38:14.208Z",
        "updated": "2020-10-01T19:38:14.208Z",
        "isPrivate": false,
        "isApi": false,
        "accessInfo": null
    },
    {
        "title": "Google Earth Engine (openEO)",
        "id": 6,
        "url": "https://earthengine.openeo.org/v1.0",
        "slug": "google-earth-engine-openeo",
        "summary": "This is the Google Earth Engine Driver for openEO. Google Earth Engine is a planetary-scale platform for Earth science data & analysis. It is powered by Google's cloud infrastructure and combines a multi-petabyte catalog of satellite imagery and geospatial datasets with planetary-scale analysis capabilities. Google makes it available for scientists, researchers, and developers to detect changes, map trends, and quantify differences on the Earth's surface.",
        "access": "public",
        "created": "2020-08-20T00:00:00.000Z",
        "updated": "2020-08-20T00:00:00.000Z",
        "isPrivate": false,
        "isApi": true,
        "accessInfo": null
    },
    {
        "title": "IDE Facultad de Ciencia y Tecnolog\u00eda UADER",
        "id": 53,
        "url": "https://raw.githubusercontent.com/IDE-FCyT/IDE-FCyT/main/catalog/stac_catalog.json",
        "slug": "ide-facultad-de-ciencia-y-tecnologia-uader",
        "summary": "Lista de raster y vectores presentes en la IDE de la Facultad de Ciencia y Tecnolog\u00eda - UADER ",
        "access": "public",
        "created": "2022-06-23T15:00:45.539Z",
        "updated": "2022-06-23T15:00:45.539Z",
        "isPrivate": false,
        "isApi": false,
        "accessInfo": null
    },
    {
        "title": "MSC GeoMet - GeoMet-OGC-API",
        "id": 29,
        "url": "https://api.weather.gc.ca/stac?f=json",
        "slug": "msc-geomet",
        "summary": "GeoMet-OGC-API provides public access to the Meteorological Service of Canada (MSC) and Environment and Climate Change Canada (ECCC) data via interoperable web services and application programming interfaces (API).",
        "access": "public",
        "created": "2021-02-19T21:48:40.527Z",
        "updated": "2021-02-19T21:48:40.527Z",
        "isPrivate": false,
        "isApi": false,
        "accessInfo": null
    },
    {
        "title": "Maxar ARD Sample Data",
        "id": 50,
        "url": "https://ard.maxar.com/samples/catalog.json",
        "slug": "maxar-ard-sample-data",
        "summary": "Root Catalog for Maxar ARD sample data.   All contents \u24b8 Maxar and for evaluation only.",
        "access": "public",
        "created": "2022-04-15T22:04:14.769Z",
        "updated": "2022-04-15T22:04:14.769Z",
        "isPrivate": false,
        "isApi": false,
        "accessInfo": null
    },
    {
        "title": "Maxar Open Data Catalog (ARD format)",
        "id": 56,
        "url": "https://maxar-opendata.s3.amazonaws.com/events/catalog.json",
        "slug": "maxar-open-data-catalog-ard-format",
        "summary": "Root catalog for the [Maxar Open Data Program](https://www.maxar.com/open-data) imagery generated through the Maxar ARD pipeline. ",
        "access": "public",
        "created": "2022-10-03T20:14:03.104Z",
        "updated": "2022-10-03T20:14:03.104Z",
        "isPrivate": false,
        "isApi": false,
        "accessInfo": null
    },
    {
        "title": "Microsoft Planetary Computer STAC API",
        "id": 32,
        "url": "https://planetarycomputer.microsoft.com/api/stac/v1",
        "slug": "microsoft-pc",
        "summary": "Searchable spatiotemporal metadata describing Earth science datasets hosted by the Microsoft Planetary Computer",
        "access": "public",
        "created": "2021-05-03T16:29:53.726Z",
        "updated": "2021-05-03T16:29:53.726Z",
        "isPrivate": false,
        "isApi": true,
        "accessInfo": null
    },
    {
        "title": "Monthly Mosaic of Sentinel 2 Images for Catalonia",
        "id": 52,
        "url": "https://datacloud.icgc.cat/stac-catalog/catalog.json",
        "slug": "catalonia-monthly-sentinel2",
        "summary": "Monthly mosaics of sentinel-2 images over Catalonia, choosing lowest cloud coverage for each timespan. Indexes several collections of different Cloud Optimized Geotiffs: RGB de 8/16 bits, IRC  8/16 bits.",
        "access": "public",
        "created": "2022-06-03T11:53:57.125Z",
        "updated": "2022-06-03T11:53:57.125Z",
        "isPrivate": false,
        "isApi": false,
        "accessInfo": null
    },
    {
        "title": "Mundialis Actinia (Openeo)",
        "id": 24,
        "url": "https://openeo.mundialis.de/api/v1.0",
        "slug": "mundialis-actinia-openeo",
        "summary": "Access to the mundialis Actinia service via an openEO interface.",
        "access": "protected",
        "created": "2020-11-13T09:22:13.399Z",
        "updated": "2020-11-13T09:22:13.399Z",
        "isPrivate": true,
        "isApi": true,
        "accessInfo": "Contact [mundialis](https://www.mundialis.de/de/contact/) for details."
    },
    {
        "title": "NASA AVIRIS catalog",
        "id": 33,
        "url": "https://franklin.nasa-hsi.azavea.com/",
        "slug": "nasa-aviris-catalog",
        "summary": "Franklin instance indexing some of [NASA's AVIRIS data](https://aviris.jpl.nasa.gov/)",
        "access": "public",
        "created": "2021-05-03T17:36:06.774Z",
        "updated": "2021-05-03T17:36:06.774Z",
        "isPrivate": false,
        "isApi": false,
        "accessInfo": null
    },
    {
        "title": "NASA CMR CLOUDSTAC Proxy",
        "id": 48,
        "url": "https://cmr.earthdata.nasa.gov/cloudstac",
        "slug": "nasa-cmr-cloudstac-proxy",
        "summary": "SpatioTemporal Asset Catalog API on top of [NASA's Common Metadata Repository](https://cmr.earthdata.nasa.gov/search/). The Common Metadata Repository (CMR) is a high-performance, high-quality, continuously evolving metadata system that catalogs Earth Science data and associated service metadata records.  This API only contains STAC Collections where the Item Assets are available \"in the cloud\" (i.e., on s3).",
        "access": "public",
        "created": "2022-02-24T21:58:16.563Z",
        "updated": "2022-02-24T21:58:16.563Z",
        "isPrivate": false,
        "isApi": true,
        "accessInfo": null
    },
    {
        "title": "NASA CMR STAC",
        "id": 7,
        "url": "https://cmr.earthdata.nasa.gov/stac",
        "slug": "cmr-stac",
        "summary": "SpatioTemporal Asset Catalog API on top of NASA's [Common Metadata Repository](https://cmr.earthdata.nasa.gov/search/). The Common Metadata Repository (CMR) is a high-performance, high-quality, continuously evolving metadata system that catalogs Earth Science data and associated service metadata records.",
        "access": "public",
        "created": "2020-08-20T00:00:00.000Z",
        "updated": "2022-02-23T18:00:00.000Z",
        "isPrivate": false,
        "isApi": true,
        "accessInfo": null
    },
    {
        "title": "NASA ISERV",
        "id": 14,
        "url": "https://nasa-iserv.s3-us-west-2.amazonaws.com/catalog/catalog.json",
        "slug": "nasa-iserv",
        "summary": "ISS SERVIR Environmental Research and Visualization System (ISERV) Level-0 Product. These products were created at the ISERV Science Operation Center (SOC) at the National Space Science and Technology Center. ISERV is an automated system designed to acquire images of the Earth's surface from the International Space Station (ISS).",
        "access": "public",
        "created": "2020-09-01T20:05:35.697Z",
        "updated": "2020-09-01T20:05:35.697Z",
        "isPrivate": false,
        "isApi": false,
        "accessInfo": null
    },
    {
        "title": "OpenAerialMap Example",
        "id": 20,
        "url": "https://gist.githubusercontent.com/m-mohr/d015e86ff18b767f94a669a625c00f85/raw/93fc960b0bad48348598cf16917c945c6bfc62c4/catalog.json",
        "slug": "openaerialmap-example",
        "summary": "Example STAC Item for an entry on OpenAerialMap, created during the STAC Intro and Q&A.",
        "access": "public",
        "created": "2020-09-08T18:25:21.672Z",
        "updated": "2020-09-08T18:25:21.672Z",
        "isPrivate": false,
        "isApi": false,
        "accessInfo": null
    },
    {
        "title": "OpenTopography Data Catalog",
        "id": 25,
        "url": "https://portal.opentopography.org/stac/catalog.json",
        "slug": "opentopography",
        "summary": "A catalog of topography datasets hosted by OpenTopography",
        "access": "public",
        "created": "2020-11-18T04:57:20.431Z",
        "updated": "2020-11-18T04:57:20.431Z",
        "isPrivate": false,
        "isApi": false,
        "accessInfo": null
    },
    {
        "title": "Openeo Platform",
        "id": 40,
        "url": "https://openeocloud.vito.be/openeo/1.0.0/",
        "slug": "openeo-platform",
        "summary": "openEO platform provides intuitive programming libraries to process a wide variety of earth observation datasets. This large-scale data access and processing is performed on multiple infrastructures, which all support the openEO and STAC API.",
        "access": "protected",
        "created": "2021-10-27T21:02:47.508Z",
        "updated": "2021-10-27T21:02:47.508Z",
        "isPrivate": true,
        "isApi": true,
        "accessInfo": "Please see [openeo.cloud](https://openeo.cloud) for more information on how to get access to the Platform API."
    },
    {
        "title": "Pangeo Cloud Data Catalog",
        "id": 17,
        "url": "https://raw.githubusercontent.com/charlesbluca/pangeo-datastore-stac/master/master/catalog.json",
        "slug": "pangeo",
        "summary": "Experimental STAC catalog of ocean, weather, and climate data stored in Zarr format in Google Cloud Storage.",
        "access": "public",
        "created": "2020-09-03T13:10:10.994Z",
        "updated": "2020-09-03T13:10:10.994Z",
        "isPrivate": false,
        "isApi": false,
        "accessInfo": null
    },
    {
        "title": "Planet Labs STAC Catalog",
        "id": 44,
        "url": "https://www.planet.com/data/stac/catalog.json",
        "slug": "planet-labs-stac-catalog",
        "summary": "This catalog serves as the main root STAC Catalog for Planet Labs. It links to 3 small static catalogs of open data, including a small set of Planet Disaster Data, some CC-BY SkySat collects and the complete Spacenet 7 images and labels.",
        "access": "public",
        "created": "2021-12-08T22:55:27.717Z",
        "updated": "2021-12-08T22:55:27.717Z",
        "isPrivate": false,
        "isApi": false,
        "accessInfo": null
    },
    {
        "title": "Radiant MLHub",
        "id": 5,
        "url": "https://api.radiant.earth/mlhub/v1/",
        "slug": "radiant-mlhub",
        "summary": "Open library for geospatial training data to advance machine learning applications on Earth Observations.",
        "access": "protected",
        "created": "2020-08-20T00:00:00.000Z",
        "updated": "2020-08-20T00:00:00.000Z",
        "isPrivate": true,
        "isApi": true,
        "accessInfo": "An access token can be acquired by registering on the [MLHub Dashboard](https://dashboard.mlhub.earth/)."
    },
    {
        "title": "S2 for Ghana",
        "id": 31,
        "url": "https://gws-access.jasmin.ac.uk/public/odanceo/S2_L2/collection.json",
        "slug": "s2-for-ghana",
        "summary": "Sentinel 2 Surface Reflectance over Ghana using SIAC AC.",
        "access": "public",
        "created": "2021-04-21T13:43:48.505Z",
        "updated": "2021-04-21T13:43:48.505Z",
        "isPrivate": false,
        "isApi": false,
        "accessInfo": null
    },
    {
        "title": "SPOT Orthoimages of Canada (2005-2010)",
        "id": 12,
        "url": "https://spot-canada-ortho.s3.amazonaws.com/catalog.json",
        "slug": "spot-orthoimages-canada-2005",
        "summary": "Canada's Orthoimages 2005-2010 is the national medium-resolution imagery coverage of Canada. These digital raster data acquired by the Spot4 and Spot5 satellites comprise five spectral bands.",
        "access": "public",
        "created": "2020-08-24T20:59:43.049Z",
        "updated": "2020-08-24T20:59:43.049Z",
        "isPrivate": false,
        "isApi": false,
        "accessInfo": null
    },
    {
        "title": "Satellite Vu public static STAC",
        "id": 51,
        "url": "https://stac.satellitevu.com",
        "slug": "satellite-vu-public-static-stac",
        "summary": "Sample imagery from flight campaigns ran by Satellite Vu in March and April 2021. Consists of 5 images resampled to the highest resolution achievable by Satellite Vu's sensor from orbit.",
        "access": "public",
        "created": "2022-04-20T15:50:03.156Z",
        "updated": "2022-04-20T15:50:03.156Z",
        "isPrivate": false,
        "isApi": false,
        "accessInfo": null
    },
    {
        "title": "Sentinel 5P Level 2 on AWS",
        "id": 11,
        "url": "https://meeo-s5p.s3.amazonaws.com/catalog.json",
        "slug": "sentinel-5p-level2-aws",
        "summary": "Observations from the Sentinel-5 Precursor (Sentinel-5P) satellite of the European Commission\u2019s Copernicus Earth Observation Programme. Hosted on AWS.",
        "access": "public",
        "created": "2020-08-24T20:55:25.010Z",
        "updated": "2020-08-24T20:55:25.010Z",
        "isPrivate": false,
        "isApi": false,
        "accessInfo": null
    },
    {
        "title": "Sentinel Hub",
        "id": 3,
        "url": "https://services.sentinel-hub.com/api/v1/catalog/1.0.0/",
        "slug": "sentinel-hub",
        "summary": "Sentinel Hub Catalog is an API implementing the STAC Specification, describing geospatial information about different data used with Sentinel Hub.",
        "access": "protected",
        "created": "2020-08-20T00:00:00.000Z",
        "updated": "2022-12-07T11:00:00.000Z",
        "isPrivate": true,
        "isApi": true,
        "accessInfo": "The Sentinel Hub API uses OAuth2 Authentication and requires that you have an access token. See the [Authentication chapter](https://docs.sentinel-hub.com/api/latest/api/overview/authentication/) for more information."
    },
    {
        "title": "Sentinel-2 and Landsat-8 catalog",
        "id": 18,
        "url": "https://tamn.snapplanet.io",
        "slug": "sentinel-2-and-landsat-8-catalog",
        "summary": "Up to date Sentinel-2 and Landsat-8 catalog used for demo with rocket client.",
        "access": "public",
        "created": "2020-09-03T13:15:22.526Z",
        "updated": "2020-09-03T13:15:22.526Z",
        "isPrivate": false,
        "isApi": true,
        "accessInfo": null
    },
    {
        "title": "UK NCEO Analysis Ready Data (ARD)",
        "id": 54,
        "url": "https://gws-access.jasmin.ac.uk/public/nceo_ard/NCEO_ARD_STAC/catalog.json",
        "slug": "uk-nceo-analysis-ready-data-ard",
        "summary": "This STAC catalog contains Sentinel 2 (S2) surface reflectance over the UK from 2017 to 2019. The surface reflectance have been processed by SIAC atmospheric correction method, with per pixel uncertainty information.",
        "access": "public",
        "created": "2022-08-18T12:23:01.252Z",
        "updated": "2022-08-18T12:23:01.252Z",
        "isPrivate": false,
        "isApi": false,
        "accessInfo": null
    },
    {
        "title": "USGS 3DEP LiDAR Point Clouds",
        "id": 13,
        "url": "https://usgs-lidar-stac.s3-us-west-2.amazonaws.com/ept/catalog.json",
        "slug": "usgs-3dep-lidar",
        "summary": "LiDAR 3DEP elevation data over the conterminous United States, Hawaii, and the U.S. territories, acquired over an 8-year period. Hosted on AWS.",
        "access": "public",
        "created": "2020-08-26T19:23:18.645Z",
        "updated": "2021-05-13T19:23:18.645Z",
        "isPrivate": false,
        "isApi": false,
        "accessInfo": null
    },
    {
        "title": "USGS Astrogeology Provided Analysis Ready Data",
        "id": 38,
        "url": "https://asc-stacbrowser.s3.us-west-2.amazonaws.com/catalog.json",
        "slug": "usgs-astrogeology-ard",
        "summary": "Analysis Ready Data (ARD) hosted by USGS Astrogeology. This catalog is organized by planetary body (e.g., Mars or Jupiter). Within each sub-catalog, users will find ARD orgamized by moon and/or data type (e.g., Europa, or kaguyaTC DTMs) depending upon how much logical nesting is required.",
        "access": "public",
        "created": "2021-08-11T14:09:33.168Z",
        "updated": "2021-08-11T14:09:33.168Z",
        "isPrivate": false,
        "isApi": false,
        "accessInfo": null
    },
    {
        "title": "USGS Landsat Collection 2 API",
        "id": 41,
        "url": "https://landsatlook.usgs.gov/stac-server",
        "slug": "usgs-landsat-collection-2-api",
        "summary": "USGS authoritative source for Landsat Collection 2 data",
        "access": "public",
        "created": "2021-10-29T06:24:42.967Z",
        "updated": "2021-10-29T06:24:42.967Z",
        "isPrivate": false,
        "isApi": true,
        "accessInfo": null
    },
    {
        "title": "VITO (openEO)",
        "id": 10,
        "url": "https://openeo.vito.be/openeo/1.0",
        "slug": "vito-openeo",
        "summary": "openEO API to the VITO Remote Sensing product catalog and processing services.",
        "access": "protected",
        "created": "2020-08-24T20:44:28.248Z",
        "updated": "2020-08-24T20:44:28.248Z",
        "isPrivate": true,
        "isApi": true,
        "accessInfo": "Contact [Jeroen Dries](https://remotesensing.vito.be/team/jeroen-dries) or [VITO Remote Sensing](https://remotesensing.vito.be/contact-us) for more information."
    },
    {
        "title": "WeatherLayers",
        "id": 49,
        "url": "https://catalog.weatherlayers.com/catalog",
        "slug": "weatherlayers",
        "summary": "WeatherLayers is Weather Visualization as a Service, providing pre-processed weather data for visualization and a frontend weather visualization library, which can be used with both cloud and custom self-hosted data. See [WeatherLayers](https://weatherlayers.com/) for more details.",
        "access": "protected",
        "created": "2022-03-26T16:47:34.737Z",
        "updated": "2022-03-26T16:47:34.737Z",
        "isPrivate": true,
        "isApi": false,
        "accessInfo": "Subscription plans are available to access periodically pre-processed weather data for visualization. See [WeatherLayers](https://weatherlayers.com/) for more details."
    },
    {
        "title": "World Bank - Light Every Night",
        "id": 28,
        "url": "https://globalnightlight.s3.amazonaws.com/VIIRS_npp_catalog.json",
        "slug": "world-bank-light-every-night",
        "summary": "Nightly visible radiance catalogues from VIIRS DNB NPP for 2012/04 through 2020/12.",
        "access": "public",
        "created": "2021-02-16T10:01:48.253Z",
        "updated": "2021-02-16T10:01:48.253Z",
        "isPrivate": false,
        "isApi": false,
        "accessInfo": null
    }
]